timestamp, utilization.gpu [%], utilization.memory [%], memory.used [MiB], memory.total [MiB], power.draw [W]
2026/09/25 06:39:32.641, 0 %, 0 %, 46897 MiB, 49140 MiB, 28.34 W
2026/09/25 06:39:32.845, 0 %, 0 %, 46897 MiB, 49140 MiB, 28.34 W
2026/09/25 06:39:33.045, 0 %, 0 %, 46897 MiB, 49140 MiB, 28.39 W
2026/09/25 06:39:33.246, 0 %, 0 %, 46897 MiB, 49140 MiB, 28.39 W
2026/09/25 06:39:33.446, 0 %, 0 %, 46897 MiB, 49140 MiB, 28.39 W
2026/09/25 06:39:33.646, 0 %, 0 %, 46897 MiB, 49140 MiB, 28.39 W
2026/09/25 06:39:33.847, 0 %, 0 %, 46897 MiB, 49140 MiB, 28.39 W
2026/09/25 06:39:34.047, 0 %, 0 %, 46897 MiB, 49140 MiB, 28.43 W
2026/09/25 06:39:34.247, 0 %, 0 %, 46897 MiB, 49140 MiB, 28.43 W
2026/09/25 06:39:34.448, 0 %, 0 %, 46897 MiB, 49140 MiB, 28.43 W
2026/09/25 06:39:34.648, 0 %, 0 %, 46897 MiB, 49140 MiB, 28.43 W
2026/09/25 06:39:34.848, 0 %, 0 %, 46897 MiB, 49140 MiB, 28.43 W
2026/09/25 06:39:35.048, 0 %, 0 %, 46897 MiB, 49140 MiB, 28.44 W
2026/09/25 06:39:35.249, 0 %, 0 %, 46897 MiB, 49140 MiB, 28.44 W
2026/09/25 06:39:35.449, 0 %, 0 %, 46897 MiB, 49140 MiB, 28.44 W
2026/09/25 06:39:35.649, 0 %, 0 %, 46897 MiB, 49140 MiB, 28.44 W
2026/09/25 06:39:35.850, 0 %, 0 %, 46897 MiB, 49140 MiB, 28.44 W
2026/09/25 06:39:36.050, 0 %, 0 %, 46897 MiB, 49140 MiB, 28.43 W
2026/09/25 06:39:36.250, 0 %, 0 %, 46897 MiB, 49140 MiB, 28.43 W
2026/09/25 06:39:36.451, 0 %, 0 %, 46897 MiB, 49140 MiB, 28.43 W
2026/09/25 06:39:36.651, 0 %, 0 %, 46897 MiB, 49140 MiB, 28.43 W
2026/09/25 06:39:36.851, 0 %, 0 %, 46897 MiB, 49140 MiB, 28.43 W
2026/09/25 06:39:37.052, 0 %, 0 %, 46897 MiB, 49140 MiB, 28.45 W
2026/09/25 06:39:37.252, 0 %, 0 %, 46897 MiB, 49140 MiB, 28.45 W
2026/09/25 06:39:37.452, 0 %, 0 %, 46897 MiB, 49140 MiB, 28.45 W
2026/09/25 06:39:37.652, 0 %, 0 %, 46897 MiB, 49140 MiB, 28.45 W
2026/09/25 06:39:37.853, 0 %, 0 %, 46897 MiB, 49140 MiB, 28.45 W
2026/09/25 06:39:38.053, 0 %, 0 %, 46897 MiB, 49140 MiB, 28.43 W
2026/09/25 06:39:38.253, 0 %, 0 %, 46897 MiB, 49140 MiB, 28.43 W
2026/09/25 06:39:38.454, 0 %, 0 %, 46897 MiB, 49140 MiB, 28.43 W
2026/09/25 06:39:38.654, 0 %, 0 %, 46897 MiB, 49140 MiB, 28.43 W
2026/09/25 06:39:38.854, 0 %, 0 %, 46897 MiB, 49140 MiB, 28.43 W
2026/09/25 06:39:39.055, 0 %, 0 %, 46897 MiB, 49140 MiB, 28.40 W
2026/09/25 06:39:39.255, 0 %, 0 %, 46897 MiB, 49140 MiB, 28.40 W
2026/09/25 06:39:39.455, 0 %, 0 %, 46897 MiB, 49140 MiB, 28.40 W
2026/09/25 06:39:39.655, 0 %, 0 %, 46897 MiB, 49140 MiB, 28.40 W
2026/09/25 06:39:39.856, 0 %, 0 %, 46897 MiB, 49140 MiB, 28.40 W
2026/09/25 06:39:40.056, 0 %, 0 %, 46897 MiB, 49140 MiB, 28.37 W
2026/09/25 06:39:40.256, 0 %, 0 %, 46897 MiB, 49140 MiB, 28.37 W
2026/09/25 06:39:40.457, 0 %, 0 %, 46897 MiB, 49140 MiB, 28.37 W
2026/09/25 06:39:40.657, 0 %, 0 %, 46897 MiB, 49140 MiB, 28.37 W
2026/09/25 06:39:40.857, 0 %, 0 %, 46897 MiB, 49140 MiB, 28.37 W
2026/09/25 06:39:41.058, 0 %, 0 %, 46897 MiB, 49140 MiB, 28.36 W
2026/09/25 06:39:41.258, 0 %, 0 %, 46897 MiB, 49140 MiB, 28.36 W
2026/09/25 06:39:41.458, 0 %, 0 %, 46897 MiB, 49140 MiB, 28.36 W
2026/09/25 06:39:41.659, 0 %, 0 %, 46897 MiB, 49140 MiB, 28.36 W
2026/09/25 06:39:41.859, 0 %, 0 %, 46897 MiB, 49140 MiB, 28.36 W
2026/09/25 06:39:42.059, 0 %, 0 %, 46897 MiB, 49140 MiB, 28.38 W
2026/09/25 06:39:42.260, 0 %, 0 %, 46897 MiB, 49140 MiB, 28.38 W
2026/09/25 06:39:42.460, 0 %, 0 %, 46897 MiB, 49140 MiB, 28.38 W
2026/09/25 06:39:42.660, 0 %, 0 %, 46897 MiB, 49140 MiB, 28.38 W
2026/09/25 06:39:42.860, 0 %, 0 %, 46897 MiB, 49140 MiB, 28.38 W
2026/09/25 06:39:43.061, 0 %, 0 %, 46897 MiB, 49140 MiB, 28.41 W
2026/09/25 06:39:43.261, 0 %, 0 %, 46897 MiB, 49140 MiB, 28.41 W
2026/09/25 06:39:43.461, 0 %, 0 %, 46897 MiB, 49140 MiB, 28.41 W
2026/09/25 06:39:43.662, 0 %, 0 %, 46897 MiB, 49140 MiB, 28.41 W
2026/09/25 06:39:43.862, 0 %, 0 %, 46897 MiB, 49140 MiB, 28.41 W
2026/09/25 06:39:44.062, 0 %, 0 %, 46897 MiB, 49140 MiB, 28.36 W
2026/09/25 06:39:44.263, 0 %, 0 %, 46897 MiB, 49140 MiB, 28.36 W
2026/09/25 06:39:44.463, 0 %, 0 %, 46897 MiB, 49140 MiB, 28.36 W
2026/09/25 06:39:44.663, 0 %, 0 %, 46897 MiB, 49140 MiB, 28.36 W
2026/09/25 06:39:44.864, 0 %, 0 %, 46897 MiB, 49140 MiB, 28.36 W
2026/09/25 06:39:45.064, 0 %, 0 %, 46897 MiB, 49140 MiB, 28.35 W
2026/09/25 06:39:45.264, 0 %, 0 %, 46897 MiB, 49140 MiB, 28.35 W
2026/09/25 06:39:45.465, 0 %, 0 %, 46897 MiB, 49140 MiB, 28.35 W
2026/09/25 06:39:45.665, 0 %, 0 %, 46897 MiB, 49140 MiB, 28.35 W
2026/09/25 06:39:45.865, 0 %, 0 %, 46897 MiB, 49140 MiB, 28.35 W
2026/09/25 06:39:46.066, 0 %, 0 %, 46897 MiB, 49140 MiB, 28.44 W
2026/09/25 06:39:46.266, 0 %, 0 %, 46897 MiB, 49140 MiB, 28.44 W
2026/09/25 06:39:46.466, 0 %, 0 %, 46897 MiB, 49140 MiB, 28.44 W
2026/09/25 06:39:46.666, 0 %, 0 %, 46897 MiB, 49140 MiB, 28.44 W
2026/09/25 06:39:46.867, 0 %, 0 %, 46897 MiB, 49140 MiB, 28.44 W
2026/09/25 06:39:47.067, 0 %, 0 %, 46897 MiB, 49140 MiB, 28.42 W
2026/09/25 06:39:47.267, 0 %, 0 %, 46897 MiB, 49140 MiB, 28.42 W
2026/09/25 06:39:47.468, 0 %, 0 %, 46897 MiB, 49140 MiB, 28.42 W
2026/09/25 06:39:47.668, 0 %, 0 %, 46897 MiB, 49140 MiB, 28.42 W
2026/09/25 06:39:47.868, 0 %, 0 %, 46897 MiB, 49140 MiB, 28.42 W
2026/09/25 06:39:48.069, 0 %, 0 %, 46897 MiB, 49140 MiB, 28.38 W
2026/09/25 06:39:48.269, 0 %, 0 %, 46897 MiB, 49140 MiB, 28.38 W
2026/09/25 06:39:48.469, 0 %, 0 %, 46897 MiB, 49140 MiB, 28.38 W
2026/09/25 06:39:48.669, 0 %, 0 %, 46897 MiB, 49140 MiB, 28.38 W
2026/09/25 06:39:48.870, 0 %, 0 %, 46897 MiB, 49140 MiB, 28.38 W
2026/09/25 06:39:49.070, 0 %, 0 %, 46897 MiB, 49140 MiB, 28.41 W
2026/09/25 06:39:49.270, 0 %, 0 %, 46897 MiB, 49140 MiB, 28.41 W
2026/09/25 06:39:49.471, 0 %, 0 %, 46897 MiB, 49140 MiB, 28.41 W
2026/09/25 06:39:49.671, 0 %, 0 %, 46897 MiB, 49140 MiB, 28.41 W
2026/09/25 06:39:49.871, 0 %, 0 %, 46897 MiB, 49140 MiB, 28.41 W
2026/09/25 06:39:50.071, 0 %, 0 %, 46897 MiB, 49140 MiB, 28.35 W
2026/09/25 06:39:50.272, 0 %, 0 %, 46897 MiB, 49140 MiB, 28.35 W
2026/09/25 06:39:50.472, 0 %, 0 %, 46897 MiB, 49140 MiB, 28.35 W
2026/09/25 06:39:50.672, 0 %, 0 %, 46897 MiB, 49140 MiB, 28.35 W
2026/09/25 06:39:50.873, 0 %, 0 %, 46897 MiB, 49140 MiB, 28.35 W
2026/09/25 06:39:51.073, 0 %, 0 %, 46897 MiB, 49140 MiB, 28.27 W
2026/09/25 06:39:51.273, 0 %, 0 %, 46897 MiB, 49140 MiB, 28.27 W
2026/09/25 06:39:51.474, 0 %, 0 %, 46897 MiB, 49140 MiB, 28.27 W
2026/09/25 06:39:51.674, 0 %, 0 %, 46897 MiB, 49140 MiB, 28.27 W
2026/09/25 06:39:51.874, 0 %, 0 %, 46897 MiB, 49140 MiB, 28.27 W
2026/09/25 06:39:52.074, 0 %, 0 %, 46897 MiB, 49140 MiB, 28.25 W
2026/09/25 06:39:52.275, 0 %, 0 %, 46897 MiB, 49140 MiB, 28.25 W
2026/09/25 06:39:52.475, 0 %, 0 %, 46897 MiB, 49140 MiB, 28.25 W
2026/09/25 06:39:52.675, 0 %, 0 %, 46897 MiB, 49140 MiB, 28.25 W
2026/09/25 06:39:52.876, 0 %, 0 %, 46897 MiB, 49140 MiB, 28.25 W
2026/09/25 06:39:53.076, 0 %, 0 %, 46897 MiB, 49140 MiB, 28.28 W
2026/09/25 06:39:53.276, 0 %, 0 %, 46897 MiB, 49140 MiB, 28.28 W
2026/09/25 06:39:53.477, 0 %, 0 %, 46897 MiB, 49140 MiB, 28.28 W
2026/09/25 06:39:53.677, 0 %, 0 %, 46897 MiB, 49140 MiB, 28.28 W
2026/09/25 06:39:53.877, 0 %, 0 %, 46897 MiB, 49140 MiB, 28.28 W
2026/09/25 06:39:54.077, 0 %, 0 %, 46897 MiB, 49140 MiB, 28.33 W
2026/09/25 06:39:54.278, 0 %, 0 %, 46897 MiB, 49140 MiB, 28.33 W
2026/09/25 06:39:54.478, 0 %, 0 %, 46897 MiB, 49140 MiB, 28.33 W
2026/09/25 06:39:54.678, 0 %, 0 %, 46897 MiB, 49140 MiB, 28.33 W
2026/09/25 06:39:54.879, 0 %, 0 %, 46897 MiB, 49140 MiB, 28.33 W
2026/09/25 06:39:55.079, 0 %, 0 %, 46897 MiB, 49140 MiB, 28.32 W
2026/09/25 06:39:55.279, 0 %, 0 %, 46897 MiB, 49140 MiB, 28.32 W
2026/09/25 06:39:55.480, 0 %, 0 %, 46897 MiB, 49140 MiB, 28.32 W
2026/09/25 06:39:55.680, 0 %, 0 %, 46897 MiB, 49140 MiB, 28.32 W
2026/09/25 06:39:55.880, 0 %, 0 %, 46897 MiB, 49140 MiB, 28.32 W
2026/09/25 06:39:56.080, 0 %, 0 %, 46897 MiB, 49140 MiB, 28.30 W
2026/09/25 06:39:56.281, 0 %, 0 %, 46897 MiB, 49140 MiB, 28.30 W
2026/09/25 06:39:56.481, 0 %, 0 %, 46897 MiB, 49140 MiB, 28.30 W
2026/09/25 06:39:56.681, 0 %, 0 %, 46897 MiB, 49140 MiB, 28.30 W
2026/09/25 06:39:56.882, 0 %, 0 %, 46897 MiB, 49140 MiB, 28.30 W
2026/09/25 06:39:57.082, 0 %, 0 %, 46897 MiB, 49140 MiB, 28.30 W
2026/09/25 06:39:57.282, 0 %, 0 %, 46897 MiB, 49140 MiB, 28.30 W
2026/09/25 06:39:57.483, 0 %, 0 %, 46897 MiB, 49140 MiB, 28.30 W
2026/09/25 06:39:57.683, 0 %, 0 %, 46897 MiB, 49140 MiB, 28.30 W
2026/09/25 06:39:57.883, 0 %, 0 %, 46897 MiB, 49140 MiB, 28.30 W
2026/09/25 06:39:58.083, 0 %, 0 %, 46897 MiB, 49140 MiB, 28.32 W
2026/09/25 06:39:58.284, 0 %, 0 %, 46897 MiB, 49140 MiB, 28.32 W
2026/09/25 06:39:58.484, 0 %, 0 %, 46897 MiB, 49140 MiB, 28.32 W
2026/09/25 06:39:58.684, 0 %, 0 %, 46897 MiB, 49140 MiB, 28.32 W
2026/09/25 06:39:58.885, 0 %, 0 %, 46897 MiB, 49140 MiB, 28.32 W
2026/09/25 06:39:59.085, 0 %, 0 %, 46897 MiB, 49140 MiB, 28.31 W
2026/09/25 06:39:59.285, 0 %, 0 %, 46897 MiB, 49140 MiB, 28.31 W
2026/09/25 06:39:59.486, 0 %, 0 %, 46897 MiB, 49140 MiB, 28.31 W
2026/09/25 06:39:59.686, 0 %, 0 %, 46897 MiB, 49140 MiB, 28.31 W
2026/09/25 06:39:59.886, 0 %, 0 %, 46897 MiB, 49140 MiB, 28.31 W
2026/09/25 06:40:00.086, 0 %, 0 %, 46897 MiB, 49140 MiB, 28.27 W
2026/09/25 06:40:00.287, 0 %, 0 %, 46897 MiB, 49140 MiB, 28.27 W
2026/09/25 06:40:00.487, 0 %, 0 %, 46897 MiB, 49140 MiB, 28.27 W
2026/09/25 06:40:00.687, 0 %, 0 %, 46897 MiB, 49140 MiB, 28.27 W
2026/09/25 06:40:00.888, 0 %, 0 %, 46897 MiB, 49140 MiB, 28.27 W
2026/09/25 06:40:01.088, 0 %, 0 %, 46897 MiB, 49140 MiB, 28.26 W
2026/09/25 06:40:01.288, 0 %, 0 %, 46897 MiB, 49140 MiB, 28.26 W
2026/09/25 06:40:01.488, 0 %, 0 %, 46897 MiB, 49140 MiB, 28.26 W
2026/09/25 06:40:01.689, 0 %, 0 %, 46897 MiB, 49140 MiB, 28.26 W
2026/09/25 06:40:01.889, 0 %, 0 %, 46897 MiB, 49140 MiB, 28.26 W
2026/09/25 06:40:02.089, 0 %, 0 %, 46897 MiB, 49140 MiB, 28.24 W
2026/09/25 06:40:02.289, 0 %, 0 %, 46897 MiB, 49140 MiB, 28.24 W
2026/09/25 06:40:02.490, 0 %, 0 %, 46897 MiB, 49140 MiB, 28.24 W
2026/09/25 06:40:02.690, 0 %, 0 %, 46897 MiB, 49140 MiB, 28.24 W
2026/09/25 06:40:02.890, 0 %, 0 %, 46897 MiB, 49140 MiB, 28.24 W
2026/09/25 06:40:03.091, 0 %, 0 %, 46897 MiB, 49140 MiB, 28.21 W
2026/09/25 06:40:03.291, 0 %, 0 %, 46897 MiB, 49140 MiB, 28.21 W
2026/09/25 06:40:03.491, 0 %, 0 %, 46897 MiB, 49140 MiB, 28.21 W
2026/09/25 06:40:03.691, 0 %, 0 %, 46897 MiB, 49140 MiB, 28.21 W
2026/09/25 06:40:03.892, 0 %, 0 %, 46897 MiB, 49140 MiB, 28.21 W
2026/09/25 06:40:04.092, 0 %, 0 %, 46897 MiB, 49140 MiB, 28.19 W
2026/09/25 06:40:04.292, 0 %, 0 %, 46897 MiB, 49140 MiB, 28.19 W
2026/09/25 06:40:04.493, 0 %, 0 %, 46897 MiB, 49140 MiB, 28.19 W
2026/09/25 06:40:04.693, 0 %, 0 %, 46897 MiB, 49140 MiB, 28.19 W
2026/09/25 06:40:04.893, 0 %, 0 %, 46897 MiB, 49140 MiB, 28.19 W
2026/09/25 06:40:05.094, 0 %, 0 %, 46897 MiB, 49140 MiB, 28.20 W
2026/09/25 06:40:05.294, 0 %, 0 %, 46897 MiB, 49140 MiB, 28.20 W
2026/09/25 06:40:05.494, 0 %, 0 %, 46897 MiB, 49140 MiB, 28.20 W
2026/09/25 06:40:05.694, 0 %, 0 %, 46897 MiB, 49140 MiB, 28.20 W
2026/09/25 06:40:05.895, 0 %, 0 %, 46897 MiB, 49140 MiB, 28.20 W
2026/09/25 06:40:06.095, 0 %, 0 %, 46897 MiB, 49140 MiB, 28.25 W
2026/09/25 06:40:06.295, 0 %, 0 %, 46897 MiB, 49140 MiB, 28.25 W
2026/09/25 06:40:06.496, 0 %, 0 %, 46897 MiB, 49140 MiB, 28.25 W
2026/09/25 06:40:06.696, 0 %, 0 %, 46897 MiB, 49140 MiB, 28.25 W
2026/09/25 06:40:06.896, 0 %, 0 %, 46937 MiB, 49140 MiB, 28.25 W
2026/09/25 06:40:07.097, 56 %, 20 %, 46937 MiB, 49140 MiB, 47.25 W
2026/09/25 06:40:07.297, 56 %, 20 %, 46937 MiB, 49140 MiB, 47.25 W
2026/09/25 06:40:07.497, 7 %, 5 %, 46937 MiB, 49140 MiB, 83.71 W
2026/09/25 06:40:07.697, 7 %, 5 %, 46937 MiB, 49140 MiB, 83.71 W
2026/09/25 06:40:07.898, 7 %, 5 %, 46937 MiB, 49140 MiB, 83.71 W
2026/09/25 06:40:08.098, 0 %, 0 %, 46937 MiB, 49140 MiB, 199.49 W
2026/09/25 06:40:08.298, 0 %, 0 %, 46937 MiB, 49140 MiB, 199.49 W
2026/09/25 06:40:08.499, 100 %, 24 %, 46937 MiB, 49140 MiB, 253.37 W
2026/09/25 06:40:08.699, 100 %, 24 %, 46937 MiB, 49140 MiB, 253.37 W
2026/09/25 06:40:08.899, 100 %, 24 %, 46937 MiB, 49140 MiB, 253.37 W
2026/09/25 06:40:09.099, 95 %, 27 %, 46937 MiB, 49140 MiB, 255.54 W
2026/09/25 06:40:09.300, 95 %, 27 %, 46937 MiB, 49140 MiB, 255.54 W
2026/09/25 06:40:09.500, 100 %, 26 %, 46937 MiB, 49140 MiB, 257.96 W
2026/09/25 06:40:09.700, 100 %, 26 %, 46937 MiB, 49140 MiB, 257.96 W
2026/09/25 06:40:09.901, 100 %, 26 %, 46937 MiB, 49140 MiB, 257.96 W
2026/09/25 06:40:10.101, 100 %, 29 %, 46937 MiB, 49140 MiB, 307.41 W
2026/09/25 06:40:10.301, 100 %, 29 %, 46937 MiB, 49140 MiB, 307.41 W
2026/09/25 06:40:10.501, 0 %, 0 %, 46937 MiB, 49140 MiB, 223.59 W
2026/09/25 06:40:10.702, 0 %, 0 %, 46937 MiB, 49140 MiB, 223.59 W
2026/09/25 06:40:10.902, 0 %, 0 %, 46937 MiB, 49140 MiB, 223.59 W
2026/09/25 06:40:11.102, 100 %, 24 %, 46937 MiB, 49140 MiB, 223.78 W
2026/09/25 06:40:11.303, 100 %, 24 %, 46937 MiB, 49140 MiB, 223.78 W
2026/09/25 06:40:11.503, 100 %, 26 %, 46937 MiB, 49140 MiB, 282.90 W
2026/09/25 06:40:11.703, 100 %, 26 %, 46937 MiB, 49140 MiB, 282.90 W
2026/09/25 06:40:11.903, 100 %, 26 %, 46937 MiB, 49140 MiB, 282.90 W
2026/09/25 06:40:12.104, 100 %, 30 %, 46937 MiB, 49140 MiB, 299.63 W
2026/09/25 06:40:12.304, 100 %, 30 %, 46937 MiB, 49140 MiB, 299.63 W
2026/09/25 06:40:12.504, 100 %, 31 %, 46937 MiB, 49140 MiB, 297.39 W
2026/09/25 06:40:12.704, 100 %, 31 %, 46937 MiB, 49140 MiB, 297.39 W
2026/09/25 06:40:12.905, 100 %, 31 %, 46937 MiB, 49140 MiB, 297.39 W
2026/09/25 06:40:13.105, 99 %, 98 %, 46937 MiB, 49140 MiB, 293.62 W
2026/09/25 06:40:13.305, 99 %, 98 %, 46937 MiB, 49140 MiB, 293.62 W
2026/09/25 06:40:13.505, 0 %, 0 %, 46937 MiB, 49140 MiB, 202.43 W
2026/09/25 06:40:13.706, 0 %, 0 %, 46937 MiB, 49140 MiB, 202.43 W
2026/09/25 06:40:13.906, 0 %, 0 %, 46937 MiB, 49140 MiB, 202.43 W
2026/09/25 06:40:14.106, 100 %, 24 %, 46937 MiB, 49140 MiB, 175.48 W
2026/09/25 06:40:14.307, 100 %, 24 %, 46937 MiB, 49140 MiB, 175.48 W
2026/09/25 06:40:14.507, 100 %, 28 %, 46937 MiB, 49140 MiB, 252.09 W
2026/09/25 06:40:14.707, 100 %, 28 %, 46937 MiB, 49140 MiB, 252.09 W
2026/09/25 06:40:14.907, 100 %, 28 %, 46937 MiB, 49140 MiB, 252.09 W
2026/09/25 06:40:15.108, 100 %, 29 %, 46937 MiB, 49140 MiB, 299.56 W
2026/09/25 06:40:15.308, 100 %, 29 %, 46937 MiB, 49140 MiB, 299.56 W
2026/09/25 06:40:15.508, 100 %, 31 %, 46937 MiB, 49140 MiB, 299.15 W
2026/09/25 06:40:15.708, 100 %, 31 %, 46937 MiB, 49140 MiB, 299.15 W
2026/09/25 06:40:15.909, 100 %, 31 %, 46937 MiB, 49140 MiB, 299.15 W
2026/09/25 06:40:16.109, 100 %, 32 %, 46937 MiB, 49140 MiB, 299.28 W
2026/09/25 06:40:16.309, 100 %, 32 %, 46937 MiB, 49140 MiB, 299.28 W
2026/09/25 06:40:16.509, 100 %, 30 %, 46937 MiB, 49140 MiB, 299.36 W
2026/09/25 06:40:16.710, 100 %, 30 %, 46937 MiB, 49140 MiB, 299.36 W
2026/09/25 06:40:16.910, 100 %, 30 %, 46937 MiB, 49140 MiB, 299.36 W
2026/09/25 06:40:17.110, 100 %, 29 %, 46937 MiB, 49140 MiB, 299.40 W
2026/09/25 06:40:17.310, 100 %, 29 %, 46937 MiB, 49140 MiB, 299.40 W
2026/09/25 06:40:17.511, 100 %, 31 %, 46937 MiB, 49140 MiB, 298.86 W
2026/09/25 06:40:17.711, 100 %, 31 %, 46937 MiB, 49140 MiB, 298.86 W
2026/09/25 06:40:17.911, 100 %, 31 %, 46937 MiB, 49140 MiB, 298.86 W
2026/09/25 06:40:18.111, 100 %, 30 %, 46937 MiB, 49140 MiB, 298.98 W
2026/09/25 06:40:18.312, 100 %, 30 %, 46937 MiB, 49140 MiB, 298.98 W
2026/09/25 06:40:18.512, 100 %, 31 %, 46937 MiB, 49140 MiB, 299.08 W
2026/09/25 06:40:18.712, 100 %, 31 %, 46937 MiB, 49140 MiB, 299.08 W
2026/09/25 06:40:18.912, 100 %, 31 %, 46937 MiB, 49140 MiB, 299.08 W
2026/09/25 06:40:19.113, 88 %, 28 %, 46937 MiB, 49140 MiB, 261.05 W
2026/09/25 06:40:19.313, 88 %, 28 %, 46937 MiB, 49140 MiB, 261.05 W
2026/09/25 06:40:19.513, 28 %, 24 %, 46937 MiB, 49140 MiB, 231.42 W
2026/09/25 06:40:19.713, 28 %, 24 %, 46937 MiB, 49140 MiB, 231.42 W
2026/09/25 06:40:19.914, 28 %, 24 %, 46937 MiB, 49140 MiB, 231.42 W
2026/09/25 06:40:20.114, 15 %, 5 %, 46937 MiB, 49140 MiB, 180.24 W
2026/09/25 06:40:20.314, 15 %, 5 %, 46937 MiB, 49140 MiB, 180.24 W
2026/09/25 06:40:20.514, 100 %, 24 %, 46937 MiB, 49140 MiB, 202.08 W
2026/09/25 06:40:20.715, 100 %, 24 %, 46937 MiB, 49140 MiB, 202.08 W
2026/09/25 06:40:20.915, 100 %, 24 %, 46937 MiB, 49140 MiB, 202.08 W
2026/09/25 06:40:21.115, 100 %, 25 %, 46937 MiB, 49140 MiB, 291.58 W
2026/09/25 06:40:21.316, 100 %, 25 %, 46937 MiB, 49140 MiB, 291.58 W
2026/09/25 06:40:21.516, 100 %, 29 %, 46937 MiB, 49140 MiB, 299.49 W
2026/09/25 06:40:21.716, 100 %, 29 %, 46937 MiB, 49140 MiB, 299.49 W
2026/09/25 06:40:21.916, 100 %, 29 %, 46937 MiB, 49140 MiB, 299.49 W
2026/09/25 06:40:22.117, 100 %, 30 %, 46937 MiB, 49140 MiB, 297.72 W
2026/09/25 06:40:22.317, 100 %, 30 %, 46937 MiB, 49140 MiB, 297.72 W
2026/09/25 06:40:22.517, 100 %, 30 %, 46937 MiB, 49140 MiB, 299.17 W
2026/09/25 06:40:22.717, 100 %, 30 %, 46937 MiB, 49140 MiB, 299.17 W
2026/09/25 06:40:22.918, 100 %, 30 %, 46937 MiB, 49140 MiB, 299.17 W
2026/09/25 06:40:23.118, 100 %, 28 %, 46937 MiB, 49140 MiB, 298.54 W
2026/09/25 06:40:23.318, 100 %, 28 %, 46937 MiB, 49140 MiB, 298.54 W
2026/09/25 06:40:23.519, 100 %, 31 %, 46937 MiB, 49140 MiB, 299.41 W
2026/09/25 06:40:23.719, 100 %, 31 %, 46937 MiB, 49140 MiB, 299.41 W
2026/09/25 06:40:23.919, 100 %, 31 %, 46937 MiB, 49140 MiB, 299.41 W
2026/09/25 06:40:24.119, 100 %, 31 %, 46937 MiB, 49140 MiB, 298.61 W
2026/09/25 06:40:24.320, 100 %, 31 %, 46937 MiB, 49140 MiB, 298.61 W
2026/09/25 06:40:24.520, 100 %, 31 %, 46937 MiB, 49140 MiB, 299.24 W
2026/09/25 06:40:24.720, 100 %, 31 %, 46937 MiB, 49140 MiB, 299.24 W
2026/09/25 06:40:24.920, 100 %, 31 %, 46937 MiB, 49140 MiB, 299.24 W
2026/09/25 06:40:25.121, 100 %, 28 %, 46937 MiB, 49140 MiB, 299.23 W
2026/09/25 06:40:25.321, 100 %, 28 %, 46937 MiB, 49140 MiB, 299.23 W
2026/09/25 06:40:25.521, 100 %, 31 %, 46937 MiB, 49140 MiB, 299.44 W
2026/09/25 06:40:25.721, 100 %, 31 %, 46937 MiB, 49140 MiB, 299.44 W
2026/09/25 06:40:25.922, 100 %, 31 %, 46937 MiB, 49140 MiB, 299.44 W
2026/09/25 06:40:26.122, 100 %, 31 %, 46937 MiB, 49140 MiB, 299.15 W
2026/09/25 06:40:26.322, 100 %, 31 %, 46937 MiB, 49140 MiB, 299.15 W
2026/09/25 06:40:26.522, 100 %, 28 %, 46937 MiB, 49140 MiB, 299.05 W
2026/09/25 06:40:26.722, 100 %, 28 %, 46937 MiB, 49140 MiB, 299.05 W
2026/09/25 06:40:26.923, 100 %, 28 %, 46937 MiB, 49140 MiB, 299.05 W
2026/09/25 06:40:27.123, 100 %, 31 %, 46937 MiB, 49140 MiB, 299.11 W
2026/09/25 06:40:27.323, 100 %, 31 %, 46937 MiB, 49140 MiB, 299.11 W
2026/09/25 06:40:27.523, 100 %, 31 %, 46937 MiB, 49140 MiB, 299.29 W
2026/09/25 06:40:27.723, 100 %, 31 %, 46937 MiB, 49140 MiB, 299.29 W
2026/09/25 06:40:27.924, 100 %, 31 %, 46937 MiB, 49140 MiB, 299.29 W
2026/09/25 06:40:28.124, 100 %, 29 %, 46937 MiB, 49140 MiB, 299.37 W
2026/09/25 06:40:28.324, 100 %, 29 %, 46937 MiB, 49140 MiB, 299.37 W
2026/09/25 06:40:28.524, 100 %, 31 %, 46937 MiB, 49140 MiB, 299.54 W
2026/09/25 06:40:28.724, 100 %, 31 %, 46937 MiB, 49140 MiB, 299.54 W
2026/09/25 06:40:28.925, 100 %, 31 %, 46937 MiB, 49140 MiB, 299.54 W
2026/09/25 06:40:29.125, 100 %, 28 %, 46937 MiB, 49140 MiB, 299.14 W
2026/09/25 06:40:29.325, 100 %, 28 %, 46937 MiB, 49140 MiB, 299.14 W
2026/09/25 06:40:29.525, 100 %, 31 %, 46937 MiB, 49140 MiB, 299.23 W
2026/09/25 06:40:29.726, 100 %, 31 %, 46937 MiB, 49140 MiB, 299.23 W
2026/09/25 06:40:29.926, 100 %, 31 %, 46937 MiB, 49140 MiB, 299.23 W
2026/09/25 06:40:30.126, 0 %, 0 %, 46937 MiB, 49140 MiB, 265.85 W
2026/09/25 06:40:30.326, 0 %, 0 %, 46937 MiB, 49140 MiB, 265.85 W
2026/09/25 06:40:30.527, 93 %, 32 %, 46937 MiB, 49140 MiB, 259.10 W
2026/09/25 06:40:30.727, 93 %, 32 %, 46937 MiB, 49140 MiB, 259.10 W
2026/09/25 06:40:30.927, 93 %, 32 %, 46937 MiB, 49140 MiB, 259.10 W
2026/09/25 06:40:31.127, 77 %, 47 %, 46937 MiB, 49140 MiB, 264.58 W
2026/09/25 06:40:31.327, 77 %, 47 %, 46937 MiB, 49140 MiB, 264.58 W
2026/09/25 06:40:31.528, 72 %, 29 %, 46937 MiB, 49140 MiB, 215.35 W
2026/09/25 06:40:31.728, 72 %, 29 %, 46937 MiB, 49140 MiB, 215.35 W
2026/09/25 06:40:31.928, 72 %, 29 %, 46937 MiB, 49140 MiB, 215.35 W
2026/09/25 06:40:32.128, 0 %, 0 %, 46937 MiB, 49140 MiB, 131.24 W
2026/09/25 06:40:32.329, 0 %, 0 %, 46937 MiB, 49140 MiB, 131.24 W
2026/09/25 06:40:32.529, 99 %, 25 %, 46937 MiB, 49140 MiB, 185.44 W
2026/09/25 06:40:32.729, 99 %, 25 %, 46937 MiB, 49140 MiB, 185.44 W
2026/09/25 06:40:32.929, 99 %, 25 %, 46937 MiB, 49140 MiB, 185.44 W
2026/09/25 06:40:33.130, 100 %, 24 %, 46937 MiB, 49140 MiB, 259.91 W
2026/09/25 06:40:33.330, 100 %, 24 %, 46937 MiB, 49140 MiB, 259.91 W
2026/09/25 06:40:33.530, 100 %, 26 %, 46937 MiB, 49140 MiB, 301.22 W
2026/09/25 06:40:33.730, 100 %, 26 %, 46937 MiB, 49140 MiB, 301.22 W
2026/09/25 06:40:33.931, 100 %, 26 %, 46937 MiB, 49140 MiB, 301.22 W
2026/09/25 06:40:34.131, 100 %, 29 %, 46937 MiB, 49140 MiB, 298.65 W
2026/09/25 06:40:34.331, 100 %, 29 %, 46937 MiB, 49140 MiB, 298.65 W
2026/09/25 06:40:34.532, 100 %, 30 %, 46937 MiB, 49140 MiB, 299.07 W
2026/09/25 06:40:34.732, 100 %, 30 %, 46937 MiB, 49140 MiB, 299.07 W
2026/09/25 06:40:34.932, 100 %, 30 %, 46937 MiB, 49140 MiB, 299.07 W
2026/09/25 06:40:35.132, 100 %, 29 %, 46937 MiB, 49140 MiB, 299.53 W
2026/09/25 06:40:35.333, 100 %, 29 %, 46937 MiB, 49140 MiB, 299.53 W
2026/09/25 06:40:35.533, 100 %, 30 %, 46937 MiB, 49140 MiB, 299.20 W
2026/09/25 06:40:35.733, 100 %, 30 %, 46937 MiB, 49140 MiB, 299.20 W
2026/09/25 06:40:35.933, 100 %, 30 %, 46937 MiB, 49140 MiB, 299.20 W
2026/09/25 06:40:36.134, 100 %, 31 %, 46937 MiB, 49140 MiB, 298.99 W
2026/09/25 06:40:36.334, 100 %, 31 %, 46937 MiB, 49140 MiB, 298.99 W
2026/09/25 06:40:36.534, 100 %, 28 %, 46937 MiB, 49140 MiB, 299.26 W
2026/09/25 06:40:36.734, 100 %, 28 %, 46937 MiB, 49140 MiB, 299.26 W
2026/09/25 06:40:36.934, 100 %, 28 %, 46937 MiB, 49140 MiB, 299.26 W
2026/09/25 06:40:37.135, 100 %, 31 %, 46937 MiB, 49140 MiB, 298.93 W
2026/09/25 06:40:37.335, 100 %, 31 %, 46937 MiB, 49140 MiB, 298.93 W
2026/09/25 06:40:37.535, 100 %, 31 %, 46937 MiB, 49140 MiB, 299.00 W
2026/09/25 06:40:37.735, 100 %, 31 %, 46937 MiB, 49140 MiB, 299.00 W
2026/09/25 06:40:37.935, 100 %, 31 %, 46937 MiB, 49140 MiB, 299.00 W
2026/09/25 06:40:38.136, 100 %, 28 %, 46937 MiB, 49140 MiB, 299.20 W
2026/09/25 06:40:38.336, 100 %, 28 %, 46937 MiB, 49140 MiB, 299.20 W
2026/09/25 06:40:38.536, 100 %, 31 %, 46937 MiB, 49140 MiB, 298.99 W
2026/09/25 06:40:38.736, 100 %, 31 %, 46937 MiB, 49140 MiB, 298.99 W
2026/09/25 06:40:38.937, 100 %, 31 %, 46937 MiB, 49140 MiB, 298.99 W
2026/09/25 06:40:39.137, 100 %, 31 %, 46937 MiB, 49140 MiB, 299.20 W
2026/09/25 06:40:39.337, 100 %, 31 %, 46937 MiB, 49140 MiB, 299.20 W
2026/09/25 06:40:39.537, 100 %, 28 %, 46937 MiB, 49140 MiB, 299.14 W
2026/09/25 06:40:39.738, 100 %, 28 %, 46937 MiB, 49140 MiB, 299.14 W
2026/09/25 06:40:39.938, 100 %, 28 %, 46937 MiB, 49140 MiB, 299.14 W
2026/09/25 06:40:40.138, 100 %, 30 %, 46937 MiB, 49140 MiB, 299.41 W
2026/09/25 06:40:40.338, 100 %, 30 %, 46937 MiB, 49140 MiB, 299.41 W
2026/09/25 06:40:40.539, 100 %, 31 %, 46937 MiB, 49140 MiB, 298.91 W
2026/09/25 06:40:40.739, 100 %, 31 %, 46937 MiB, 49140 MiB, 298.91 W
2026/09/25 06:40:40.939, 100 %, 31 %, 46937 MiB, 49140 MiB, 298.91 W
2026/09/25 06:40:41.139, 100 %, 31 %, 46937 MiB, 49140 MiB, 299.29 W
2026/09/25 06:40:41.339, 100 %, 31 %, 46937 MiB, 49140 MiB, 299.29 W
2026/09/25 06:40:41.540, 100 %, 30 %, 46937 MiB, 49140 MiB, 299.11 W
2026/09/25 06:40:41.740, 100 %, 30 %, 46937 MiB, 49140 MiB, 299.11 W
2026/09/25 06:40:41.940, 100 %, 30 %, 46937 MiB, 49140 MiB, 299.11 W
2026/09/25 06:40:42.140, 100 %, 28 %, 46937 MiB, 49140 MiB, 299.17 W
2026/09/25 06:40:42.341, 100 %, 28 %, 46937 MiB, 49140 MiB, 299.17 W
2026/09/25 06:40:42.541, 100 %, 28 %, 46937 MiB, 49140 MiB, 299.19 W
2026/09/25 06:40:42.741, 100 %, 28 %, 46937 MiB, 49140 MiB, 299.19 W
2026/09/25 06:40:42.941, 100 %, 28 %, 46937 MiB, 49140 MiB, 299.19 W
2026/09/25 06:40:43.142, 100 %, 30 %, 46937 MiB, 49140 MiB, 299.39 W
2026/09/25 06:40:43.342, 100 %, 30 %, 46937 MiB, 49140 MiB, 299.39 W
2026/09/25 06:40:43.542, 100 %, 31 %, 46937 MiB, 49140 MiB, 299.38 W
2026/09/25 06:40:43.742, 100 %, 31 %, 46937 MiB, 49140 MiB, 299.38 W
2026/09/25 06:40:43.943, 100 %, 31 %, 46937 MiB, 49140 MiB, 299.38 W
2026/09/25 06:40:44.143, 100 %, 31 %, 46937 MiB, 49140 MiB, 299.27 W
2026/09/25 06:40:44.343, 100 %, 31 %, 46937 MiB, 49140 MiB, 299.27 W
2026/09/25 06:40:44.543, 100 %, 31 %, 46937 MiB, 49140 MiB, 299.11 W
2026/09/25 06:40:44.743, 100 %, 31 %, 46937 MiB, 49140 MiB, 299.11 W
2026/09/25 06:40:44.944, 100 %, 31 %, 46937 MiB, 49140 MiB, 299.11 W
2026/09/25 06:40:45.144, 100 %, 30 %, 46937 MiB, 49140 MiB, 299.14 W
2026/09/25 06:40:45.344, 100 %, 30 %, 46937 MiB, 49140 MiB, 299.14 W
2026/09/25 06:40:45.544, 100 %, 30 %, 46937 MiB, 49140 MiB, 299.30 W
2026/09/25 06:40:45.744, 100 %, 30 %, 46937 MiB, 49140 MiB, 299.30 W
2026/09/25 06:40:45.945, 100 %, 30 %, 46937 MiB, 49140 MiB, 299.30 W
2026/09/25 06:40:46.145, 100 %, 30 %, 46937 MiB, 49140 MiB, 299.01 W
2026/09/25 06:40:46.345, 100 %, 30 %, 46937 MiB, 49140 MiB, 299.01 W
2026/09/25 06:40:46.545, 100 %, 29 %, 46937 MiB, 49140 MiB, 299.15 W
2026/09/25 06:40:46.746, 100 %, 29 %, 46937 MiB, 49140 MiB, 299.15 W
2026/09/25 06:40:46.946, 100 %, 29 %, 46937 MiB, 49140 MiB, 299.15 W
2026/09/25 06:40:47.146, 100 %, 29 %, 46937 MiB, 49140 MiB, 299.27 W
2026/09/25 06:40:47.346, 100 %, 29 %, 46937 MiB, 49140 MiB, 299.27 W
2026/09/25 06:40:47.546, 100 %, 30 %, 46937 MiB, 49140 MiB, 299.10 W
2026/09/25 06:40:47.747, 100 %, 30 %, 46937 MiB, 49140 MiB, 299.10 W
2026/09/25 06:40:47.947, 100 %, 30 %, 46937 MiB, 49140 MiB, 299.10 W
2026/09/25 06:40:48.147, 100 %, 30 %, 46937 MiB, 49140 MiB, 299.17 W
2026/09/25 06:40:48.347, 100 %, 30 %, 46937 MiB, 49140 MiB, 299.17 W
2026/09/25 06:40:48.548, 100 %, 29 %, 46937 MiB, 49140 MiB, 299.27 W
2026/09/25 06:40:48.748, 100 %, 29 %, 46937 MiB, 49140 MiB, 299.27 W
2026/09/25 06:40:48.948, 100 %, 29 %, 46937 MiB, 49140 MiB, 299.27 W
2026/09/25 06:40:49.148, 100 %, 29 %, 46937 MiB, 49140 MiB, 299.09 W
2026/09/25 06:40:49.348, 100 %, 29 %, 46937 MiB, 49140 MiB, 299.09 W
2026/09/25 06:40:49.549, 100 %, 29 %, 46937 MiB, 49140 MiB, 299.14 W
2026/09/25 06:40:49.749, 100 %, 29 %, 46937 MiB, 49140 MiB, 299.14 W
2026/09/25 06:40:49.949, 100 %, 29 %, 46937 MiB, 49140 MiB, 299.14 W
2026/09/25 06:40:50.149, 100 %, 30 %, 46937 MiB, 49140 MiB, 299.13 W
2026/09/25 06:40:50.350, 100 %, 30 %, 46937 MiB, 49140 MiB, 299.13 W
2026/09/25 06:40:50.550, 100 %, 30 %, 46937 MiB, 49140 MiB, 298.95 W
2026/09/25 06:40:50.750, 100 %, 30 %, 46937 MiB, 49140 MiB, 298.95 W
2026/09/25 06:40:50.950, 100 %, 30 %, 46937 MiB, 49140 MiB, 298.95 W
2026/09/25 06:40:51.151, 100 %, 30 %, 46937 MiB, 49140 MiB, 299.01 W
2026/09/25 06:40:51.351, 100 %, 30 %, 46937 MiB, 49140 MiB, 299.01 W
2026/09/25 06:40:51.551, 100 %, 30 %, 46937 MiB, 49140 MiB, 298.88 W
2026/09/25 06:40:51.751, 100 %, 30 %, 46937 MiB, 49140 MiB, 298.88 W
2026/09/25 06:40:51.951, 100 %, 30 %, 46937 MiB, 49140 MiB, 298.88 W
2026/09/25 06:40:52.152, 100 %, 30 %, 46937 MiB, 49140 MiB, 298.92 W
2026/09/25 06:40:52.352, 100 %, 30 %, 46937 MiB, 49140 MiB, 298.92 W
2026/09/25 06:40:52.552, 0 %, 0 %, 46937 MiB, 49140 MiB, 262.34 W
2026/09/25 06:40:52.752, 0 %, 0 %, 46937 MiB, 49140 MiB, 262.34 W
2026/09/25 06:40:52.953, 0 %, 0 %, 46937 MiB, 49140 MiB, 262.34 W
2026/09/25 06:40:53.153, 100 %, 22 %, 46937 MiB, 49140 MiB, 256.21 W
2026/09/25 06:40:53.353, 100 %, 22 %, 46937 MiB, 49140 MiB, 256.21 W
2026/09/25 06:40:53.553, 100 %, 24 %, 46937 MiB, 49140 MiB, 276.56 W
2026/09/25 06:40:53.754, 100 %, 24 %, 46937 MiB, 49140 MiB, 276.56 W
2026/09/25 06:40:53.954, 100 %, 24 %, 46937 MiB, 49140 MiB, 276.56 W
2026/09/25 06:40:54.154, 100 %, 28 %, 46937 MiB, 49140 MiB, 299.90 W
2026/09/25 06:40:54.354, 100 %, 28 %, 46937 MiB, 49140 MiB, 299.90 W
2026/09/25 06:40:54.554, 83 %, 39 %, 46937 MiB, 49140 MiB, 294.43 W
2026/09/25 06:40:54.755, 83 %, 39 %, 46937 MiB, 49140 MiB, 294.43 W
2026/09/25 06:40:54.955, 83 %, 39 %, 46937 MiB, 49140 MiB, 294.43 W
2026/09/25 06:40:55.155, 85 %, 37 %, 46937 MiB, 49140 MiB, 292.84 W
2026/09/25 06:40:55.355, 85 %, 37 %, 46937 MiB, 49140 MiB, 292.84 W
2026/09/25 06:40:55.556, 83 %, 35 %, 46937 MiB, 49140 MiB, 279.10 W
2026/09/25 06:40:55.756, 83 %, 35 %, 46937 MiB, 49140 MiB, 279.10 W
2026/09/25 06:40:55.956, 83 %, 35 %, 46937 MiB, 49140 MiB, 279.10 W
2026/09/25 06:40:56.156, 72 %, 36 %, 46937 MiB, 49140 MiB, 268.37 W
2026/09/25 06:40:56.357, 72 %, 36 %, 46937 MiB, 49140 MiB, 268.37 W
2026/09/25 06:40:56.557, 100 %, 22 %, 46937 MiB, 49140 MiB, 279.74 W
2026/09/25 06:40:56.757, 100 %, 22 %, 46937 MiB, 49140 MiB, 279.74 W
2026/09/25 06:40:56.957, 100 %, 22 %, 46937 MiB, 49140 MiB, 279.74 W
2026/09/25 06:40:57.158, 64 %, 33 %, 46937 MiB, 49140 MiB, 271.67 W
2026/09/25 06:40:57.358, 64 %, 33 %, 46937 MiB, 49140 MiB, 271.67 W
2026/09/25 06:40:57.558, 77 %, 33 %, 46937 MiB, 49140 MiB, 250.68 W
2026/09/25 06:40:57.758, 77 %, 33 %, 46937 MiB, 49140 MiB, 250.68 W
2026/09/25 06:40:57.959, 77 %, 33 %, 46937 MiB, 49140 MiB, 250.68 W
2026/09/25 06:40:58.159, 97 %, 25 %, 46937 MiB, 49140 MiB, 261.34 W
2026/09/25 06:40:58.359, 97 %, 25 %, 46937 MiB, 49140 MiB, 261.34 W
2026/09/25 06:40:58.559, 100 %, 24 %, 46937 MiB, 49140 MiB, 296.39 W
2026/09/25 06:40:58.760, 100 %, 24 %, 46937 MiB, 49140 MiB, 296.39 W
2026/09/25 06:40:58.960, 100 %, 24 %, 46937 MiB, 49140 MiB, 296.39 W
2026/09/25 06:40:59.160, 100 %, 26 %, 46937 MiB, 49140 MiB, 300.82 W
2026/09/25 06:40:59.361, 100 %, 26 %, 46937 MiB, 49140 MiB, 300.82 W
2026/09/25 06:40:59.561, 100 %, 28 %, 46937 MiB, 49140 MiB, 297.48 W
2026/09/25 06:40:59.761, 100 %, 28 %, 46937 MiB, 49140 MiB, 297.48 W
2026/09/25 06:40:59.961, 100 %, 28 %, 46937 MiB, 49140 MiB, 297.48 W
2026/09/25 06:41:00.162, 100 %, 30 %, 46937 MiB, 49140 MiB, 299.47 W
2026/09/25 06:41:00.362, 100 %, 30 %, 46937 MiB, 49140 MiB, 299.47 W
2026/09/25 06:41:00.562, 100 %, 31 %, 46937 MiB, 49140 MiB, 299.01 W
2026/09/25 06:41:00.763, 100 %, 31 %, 46937 MiB, 49140 MiB, 299.01 W
2026/09/25 06:41:00.963, 100 %, 31 %, 46937 MiB, 49140 MiB, 299.01 W
2026/09/25 06:41:01.163, 100 %, 30 %, 46937 MiB, 49140 MiB, 299.35 W
2026/09/25 06:41:01.363, 100 %, 30 %, 46937 MiB, 49140 MiB, 299.35 W
2026/09/25 06:41:01.564, 100 %, 31 %, 46937 MiB, 49140 MiB, 299.16 W
2026/09/25 06:41:01.764, 100 %, 31 %, 46937 MiB, 49140 MiB, 299.16 W
2026/09/25 06:41:01.964, 100 %, 31 %, 46937 MiB, 49140 MiB, 299.16 W
2026/09/25 06:41:02.164, 100 %, 28 %, 46937 MiB, 49140 MiB, 299.41 W
2026/09/25 06:41:02.365, 100 %, 28 %, 46937 MiB, 49140 MiB, 299.41 W
2026/09/25 06:41:02.565, 100 %, 28 %, 46937 MiB, 49140 MiB, 299.51 W
2026/09/25 06:41:02.765, 100 %, 28 %, 46937 MiB, 49140 MiB, 299.51 W
2026/09/25 06:41:02.965, 100 %, 28 %, 46937 MiB, 49140 MiB, 299.51 W
2026/09/25 06:41:03.166, 100 %, 28 %, 46937 MiB, 49140 MiB, 299.42 W
2026/09/25 06:41:03.366, 100 %, 28 %, 46937 MiB, 49140 MiB, 299.42 W
2026/09/25 06:41:03.566, 100 %, 29 %, 46937 MiB, 49140 MiB, 299.27 W
2026/09/25 06:41:03.766, 100 %, 29 %, 46937 MiB, 49140 MiB, 299.27 W
2026/09/25 06:41:03.967, 100 %, 29 %, 46937 MiB, 49140 MiB, 299.27 W
2026/09/25 06:41:04.167, 100 %, 30 %, 46937 MiB, 49140 MiB, 298.98 W
2026/09/25 06:41:04.367, 100 %, 30 %, 46937 MiB, 49140 MiB, 298.98 W
2026/09/25 06:41:04.567, 100 %, 30 %, 46937 MiB, 49140 MiB, 298.95 W
2026/09/25 06:41:04.768, 100 %, 30 %, 46937 MiB, 49140 MiB, 298.95 W
2026/09/25 06:41:04.968, 100 %, 30 %, 46937 MiB, 49140 MiB, 298.95 W
2026/09/25 06:41:05.168, 100 %, 29 %, 46937 MiB, 49140 MiB, 299.23 W
2026/09/25 06:41:05.368, 100 %, 29 %, 46937 MiB, 49140 MiB, 299.23 W
2026/09/25 06:41:05.569, 100 %, 28 %, 46937 MiB, 49140 MiB, 299.24 W
2026/09/25 06:41:05.769, 100 %, 28 %, 46937 MiB, 49140 MiB, 299.24 W
2026/09/25 06:41:05.969, 100 %, 28 %, 46937 MiB, 49140 MiB, 299.24 W
2026/09/25 06:41:06.169, 100 %, 27 %, 46937 MiB, 49140 MiB, 299.25 W
2026/09/25 06:41:06.370, 100 %, 27 %, 46937 MiB, 49140 MiB, 299.25 W
2026/09/25 06:41:06.570, 100 %, 29 %, 46937 MiB, 49140 MiB, 299.23 W
2026/09/25 06:41:06.770, 100 %, 29 %, 46937 MiB, 49140 MiB, 299.23 W
2026/09/25 06:41:06.970, 100 %, 29 %, 46937 MiB, 49140 MiB, 299.23 W
2026/09/25 06:41:07.170, 100 %, 30 %, 46937 MiB, 49140 MiB, 298.80 W
2026/09/25 06:41:07.371, 100 %, 30 %, 46937 MiB, 49140 MiB, 298.80 W
2026/09/25 06:41:07.571, 100 %, 30 %, 46937 MiB, 49140 MiB, 298.90 W
2026/09/25 06:41:07.771, 100 %, 30 %, 46937 MiB, 49140 MiB, 298.90 W
2026/09/25 06:41:07.971, 100 %, 30 %, 46937 MiB, 49140 MiB, 298.90 W
2026/09/25 06:41:08.172, 100 %, 29 %, 46937 MiB, 49140 MiB, 299.08 W
2026/09/25 06:41:08.372, 100 %, 29 %, 46937 MiB, 49140 MiB, 299.08 W
2026/09/25 06:41:08.572, 100 %, 27 %, 46937 MiB, 49140 MiB, 298.95 W
2026/09/25 06:41:08.773, 100 %, 27 %, 46937 MiB, 49140 MiB, 298.95 W
2026/09/25 06:41:08.973, 100 %, 27 %, 46937 MiB, 49140 MiB, 298.95 W
2026/09/25 06:41:09.173, 100 %, 28 %, 46937 MiB, 49140 MiB, 299.29 W
2026/09/25 06:41:09.373, 100 %, 28 %, 46937 MiB, 49140 MiB, 299.29 W
2026/09/25 06:41:09.574, 100 %, 30 %, 46937 MiB, 49140 MiB, 299.05 W
2026/09/25 06:41:09.774, 100 %, 30 %, 46937 MiB, 49140 MiB, 299.05 W
2026/09/25 06:41:09.974, 100 %, 30 %, 46937 MiB, 49140 MiB, 299.05 W
2026/09/25 06:41:10.174, 100 %, 30 %, 46937 MiB, 49140 MiB, 299.19 W
2026/09/25 06:41:10.375, 100 %, 30 %, 46937 MiB, 49140 MiB, 299.19 W
2026/09/25 06:41:10.575, 100 %, 28 %, 46937 MiB, 49140 MiB, 299.11 W
2026/09/25 06:41:10.775, 100 %, 28 %, 46937 MiB, 49140 MiB, 299.11 W
2026/09/25 06:41:10.975, 100 %, 28 %, 46937 MiB, 49140 MiB, 299.11 W
2026/09/25 06:41:11.176, 100 %, 27 %, 46937 MiB, 49140 MiB, 299.20 W
2026/09/25 06:41:11.376, 100 %, 27 %, 46937 MiB, 49140 MiB, 299.20 W
2026/09/25 06:41:11.576, 100 %, 29 %, 46937 MiB, 49140 MiB, 299.36 W
2026/09/25 06:41:11.777, 100 %, 29 %, 46937 MiB, 49140 MiB, 299.36 W
2026/09/25 06:41:11.977, 100 %, 29 %, 46937 MiB, 49140 MiB, 299.36 W
2026/09/25 06:41:12.177, 100 %, 30 %, 46937 MiB, 49140 MiB, 299.07 W
2026/09/25 06:41:12.377, 100 %, 30 %, 46937 MiB, 49140 MiB, 299.07 W
2026/09/25 06:41:12.578, 100 %, 30 %, 46937 MiB, 49140 MiB, 299.12 W
2026/09/25 06:41:12.778, 100 %, 30 %, 46937 MiB, 49140 MiB, 299.12 W
2026/09/25 06:41:12.978, 100 %, 30 %, 46937 MiB, 49140 MiB, 299.12 W
2026/09/25 06:41:13.178, 100 %, 27 %, 46937 MiB, 49140 MiB, 299.15 W
2026/09/25 06:41:13.379, 100 %, 27 %, 46937 MiB, 49140 MiB, 299.15 W
2026/09/25 06:41:13.579, 100 %, 28 %, 46937 MiB, 49140 MiB, 299.09 W
2026/09/25 06:41:13.779, 100 %, 28 %, 46937 MiB, 49140 MiB, 299.09 W
2026/09/25 06:41:13.980, 100 %, 28 %, 46937 MiB, 49140 MiB, 299.09 W
2026/09/25 06:41:14.180, 100 %, 30 %, 46937 MiB, 49140 MiB, 299.32 W
2026/09/25 06:41:14.380, 100 %, 30 %, 46937 MiB, 49140 MiB, 299.32 W
2026/09/25 06:41:14.580, 100 %, 30 %, 46937 MiB, 49140 MiB, 299.14 W
2026/09/25 06:41:14.781, 100 %, 30 %, 46937 MiB, 49140 MiB, 299.14 W
2026/09/25 06:41:14.981, 100 %, 30 %, 46937 MiB, 49140 MiB, 299.14 W
2026/09/25 06:41:15.181, 100 %, 27 %, 46937 MiB, 49140 MiB, 299.12 W
2026/09/25 06:41:15.382, 100 %, 27 %, 46937 MiB, 49140 MiB, 299.12 W
2026/09/25 06:41:15.582, 100 %, 29 %, 46937 MiB, 49140 MiB, 299.05 W
2026/09/25 06:41:15.782, 100 %, 29 %, 46937 MiB, 49140 MiB, 299.05 W
2026/09/25 06:41:15.982, 100 %, 29 %, 46937 MiB, 49140 MiB, 299.05 W
2026/09/25 06:41:16.183, 100 %, 30 %, 46937 MiB, 49140 MiB, 299.35 W
2026/09/25 06:41:16.383, 100 %, 30 %, 46937 MiB, 49140 MiB, 299.35 W
2026/09/25 06:41:16.583, 100 %, 30 %, 46937 MiB, 49140 MiB, 299.21 W
2026/09/25 06:41:16.784, 100 %, 30 %, 46937 MiB, 49140 MiB, 299.21 W
2026/09/25 06:41:16.984, 100 %, 30 %, 46937 MiB, 49140 MiB, 299.21 W
2026/09/25 06:41:17.184, 100 %, 27 %, 46937 MiB, 49140 MiB, 299.14 W
2026/09/25 06:41:17.384, 100 %, 27 %, 46937 MiB, 49140 MiB, 299.14 W
2026/09/25 06:41:17.585, 100 %, 28 %, 46937 MiB, 49140 MiB, 299.08 W
2026/09/25 06:41:17.785, 100 %, 28 %, 46937 MiB, 49140 MiB, 299.08 W
2026/09/25 06:41:17.985, 100 %, 28 %, 46937 MiB, 49140 MiB, 299.08 W
2026/09/25 06:41:18.185, 100 %, 30 %, 46937 MiB, 49140 MiB, 299.27 W
2026/09/25 06:41:18.386, 100 %, 30 %, 46937 MiB, 49140 MiB, 299.27 W
2026/09/25 06:41:18.586, 100 %, 30 %, 46937 MiB, 49140 MiB, 299.21 W
2026/09/25 06:41:18.786, 100 %, 30 %, 46937 MiB, 49140 MiB, 299.21 W
2026/09/25 06:41:18.986, 100 %, 30 %, 46937 MiB, 49140 MiB, 299.21 W
2026/09/25 06:41:19.187, 100 %, 27 %, 46937 MiB, 49140 MiB, 298.97 W
2026/09/25 06:41:19.387, 100 %, 27 %, 46937 MiB, 49140 MiB, 298.97 W
2026/09/25 06:41:19.587, 100 %, 29 %, 46937 MiB, 49140 MiB, 299.18 W
2026/09/25 06:41:19.788, 100 %, 29 %, 46937 MiB, 49140 MiB, 299.18 W
2026/09/25 06:41:19.988, 100 %, 29 %, 46937 MiB, 49140 MiB, 299.18 W
2026/09/25 06:41:20.188, 100 %, 30 %, 46937 MiB, 49140 MiB, 299.33 W
2026/09/25 06:41:20.388, 100 %, 30 %, 46937 MiB, 49140 MiB, 299.33 W
2026/09/25 06:41:20.589, 100 %, 29 %, 46937 MiB, 49140 MiB, 299.26 W
2026/09/25 06:41:20.789, 100 %, 29 %, 46937 MiB, 49140 MiB, 299.26 W
2026/09/25 06:41:20.989, 100 %, 29 %, 46937 MiB, 49140 MiB, 299.22 W
2026/09/25 06:41:21.189, 100 %, 27 %, 46937 MiB, 49140 MiB, 299.22 W
2026/09/25 06:41:21.390, 100 %, 27 %, 46937 MiB, 49140 MiB, 299.22 W
2026/09/25 06:41:21.590, 100 %, 30 %, 46937 MiB, 49140 MiB, 299.28 W
2026/09/25 06:41:21.790, 100 %, 30 %, 46937 MiB, 49140 MiB, 299.28 W
2026/09/25 06:41:21.990, 100 %, 27 %, 46937 MiB, 49140 MiB, 299.23 W
2026/09/25 06:41:22.191, 100 %, 27 %, 46937 MiB, 49140 MiB, 299.23 W
2026/09/25 06:41:22.391, 100 %, 27 %, 46937 MiB, 49140 MiB, 299.23 W
2026/09/25 06:41:22.591, 100 %, 30 %, 46937 MiB, 49140 MiB, 299.26 W
2026/09/25 06:41:22.791, 100 %, 30 %, 46937 MiB, 49140 MiB, 299.26 W
2026/09/25 06:41:22.991, 100 %, 30 %, 46937 MiB, 49140 MiB, 299.25 W
2026/09/25 06:41:23.192, 100 %, 30 %, 46937 MiB, 49140 MiB, 299.25 W
2026/09/25 06:41:23.392, 100 %, 30 %, 46937 MiB, 49140 MiB, 299.25 W
2026/09/25 06:41:23.592, 100 %, 27 %, 46937 MiB, 49140 MiB, 299.31 W
2026/09/25 06:41:23.792, 100 %, 27 %, 46937 MiB, 49140 MiB, 299.31 W
2026/09/25 06:41:23.993, 100 %, 27 %, 46937 MiB, 49140 MiB, 299.26 W
2026/09/25 06:41:24.193, 100 %, 27 %, 46937 MiB, 49140 MiB, 299.26 W
2026/09/25 06:41:24.393, 100 %, 27 %, 46937 MiB, 49140 MiB, 299.26 W
2026/09/25 06:41:24.593, 100 %, 30 %, 46937 MiB, 49140 MiB, 299.39 W
2026/09/25 06:41:24.794, 100 %, 30 %, 46937 MiB, 49140 MiB, 299.39 W
2026/09/25 06:41:24.994, 100 %, 30 %, 46937 MiB, 49140 MiB, 299.11 W
2026/09/25 06:41:25.194, 100 %, 30 %, 46937 MiB, 49140 MiB, 299.11 W
2026/09/25 06:41:25.394, 100 %, 30 %, 46937 MiB, 49140 MiB, 299.11 W
2026/09/25 06:41:25.595, 100 %, 27 %, 46937 MiB, 49140 MiB, 299.42 W
2026/09/25 06:41:25.795, 100 %, 27 %, 46937 MiB, 49140 MiB, 299.42 W
2026/09/25 06:41:25.995, 100 %, 29 %, 46937 MiB, 49140 MiB, 299.19 W
2026/09/25 06:41:26.195, 100 %, 29 %, 46937 MiB, 49140 MiB, 299.19 W
2026/09/25 06:41:26.395, 100 %, 29 %, 46937 MiB, 49140 MiB, 299.19 W
2026/09/25 06:41:26.596, 100 %, 30 %, 46937 MiB, 49140 MiB, 299.26 W
2026/09/25 06:41:26.796, 100 %, 30 %, 46937 MiB, 49140 MiB, 299.26 W
2026/09/25 06:41:26.996, 100 %, 29 %, 46937 MiB, 49140 MiB, 299.29 W
2026/09/25 06:41:27.196, 100 %, 29 %, 46937 MiB, 49140 MiB, 299.29 W
2026/09/25 06:41:27.397, 100 %, 29 %, 46937 MiB, 49140 MiB, 299.29 W
2026/09/25 06:41:27.597, 100 %, 27 %, 46937 MiB, 49140 MiB, 299.18 W
2026/09/25 06:41:27.797, 100 %, 27 %, 46937 MiB, 49140 MiB, 299.18 W
2026/09/25 06:41:27.997, 100 %, 30 %, 46937 MiB, 49140 MiB, 299.18 W
2026/09/25 06:41:28.198, 100 %, 30 %, 46937 MiB, 49140 MiB, 299.18 W
2026/09/25 06:41:28.398, 100 %, 30 %, 46937 MiB, 49140 MiB, 299.18 W
2026/09/25 06:41:28.598, 100 %, 30 %, 46937 MiB, 49140 MiB, 299.13 W
2026/09/25 06:41:28.799, 100 %, 30 %, 46937 MiB, 49140 MiB, 299.13 W
2026/09/25 06:41:28.999, 100 %, 28 %, 46937 MiB, 49140 MiB, 299.21 W
2026/09/25 06:41:29.199, 100 %, 28 %, 46937 MiB, 49140 MiB, 299.21 W
2026/09/25 06:41:29.399, 100 %, 28 %, 46937 MiB, 49140 MiB, 299.21 W
2026/09/25 06:41:29.599, 100 %, 28 %, 46937 MiB, 49140 MiB, 299.29 W
2026/09/25 06:41:29.800, 100 %, 28 %, 46937 MiB, 49140 MiB, 299.29 W
2026/09/25 06:41:30.000, 100 %, 30 %, 46937 MiB, 49140 MiB, 299.40 W
2026/09/25 06:41:30.200, 100 %, 30 %, 46937 MiB, 49140 MiB, 299.40 W
2026/09/25 06:41:30.400, 100 %, 30 %, 46937 MiB, 49140 MiB, 299.40 W
2026/09/25 06:41:30.601, 100 %, 28 %, 46937 MiB, 49140 MiB, 299.18 W
2026/09/25 06:41:30.801, 100 %, 28 %, 46937 MiB, 49140 MiB, 299.18 W
2026/09/25 06:41:31.001, 100 %, 27 %, 46937 MiB, 49140 MiB, 299.24 W
2026/09/25 06:41:31.201, 100 %, 27 %, 46937 MiB, 49140 MiB, 299.24 W
2026/09/25 06:41:31.402, 100 %, 27 %, 46937 MiB, 49140 MiB, 299.24 W
2026/09/25 06:41:31.604, 100 %, 30 %, 46937 MiB, 49140 MiB, 299.04 W
2026/09/25 06:41:31.804, 100 %, 30 %, 46937 MiB, 49140 MiB, 299.04 W
2026/09/25 06:41:32.005, 100 %, 30 %, 46937 MiB, 49140 MiB, 299.29 W
2026/09/25 06:41:32.205, 100 %, 30 %, 46937 MiB, 49140 MiB, 299.29 W
2026/09/25 06:41:32.405, 100 %, 30 %, 46937 MiB, 49140 MiB, 299.29 W
2026/09/25 06:41:32.605, 100 %, 27 %, 46937 MiB, 49140 MiB, 298.99 W
2026/09/25 06:41:32.806, 100 %, 27 %, 46937 MiB, 49140 MiB, 298.99 W
2026/09/25 06:41:33.006, 100 %, 30 %, 46937 MiB, 49140 MiB, 299.24 W
2026/09/25 06:41:33.206, 100 %, 30 %, 46937 MiB, 49140 MiB, 299.24 W
2026/09/25 06:41:33.406, 100 %, 30 %, 46937 MiB, 49140 MiB, 299.24 W
2026/09/25 06:41:33.612, 100 %, 30 %, 46937 MiB, 49140 MiB, 299.31 W
2026/09/25 06:41:33.812, 100 %, 30 %, 46937 MiB, 49140 MiB, 299.31 W
2026/09/25 06:41:34.013, 100 %, 27 %, 46937 MiB, 49140 MiB, 299.05 W
2026/09/25 06:41:34.213, 100 %, 27 %, 46937 MiB, 49140 MiB, 299.05 W
2026/09/25 06:41:34.413, 100 %, 27 %, 46937 MiB, 49140 MiB, 299.05 W
2026/09/25 06:41:34.613, 100 %, 30 %, 46937 MiB, 49140 MiB, 299.28 W
2026/09/25 06:41:34.813, 100 %, 30 %, 46937 MiB, 49140 MiB, 299.28 W
2026/09/25 06:41:35.014, 100 %, 30 %, 46937 MiB, 49140 MiB, 299.48 W
2026/09/25 06:41:35.214, 100 %, 30 %, 46937 MiB, 49140 MiB, 299.48 W
2026/09/25 06:41:35.414, 100 %, 30 %, 46937 MiB, 49140 MiB, 299.48 W
2026/09/25 06:41:35.617, 100 %, 27 %, 46937 MiB, 49140 MiB, 299.25 W
2026/09/25 06:41:35.817, 100 %, 27 %, 46937 MiB, 49140 MiB, 299.25 W
2026/09/25 06:41:36.017, 100 %, 30 %, 46937 MiB, 49140 MiB, 299.30 W
2026/09/25 06:41:36.218, 100 %, 30 %, 46937 MiB, 49140 MiB, 299.30 W
2026/09/25 06:41:36.418, 100 %, 30 %, 46937 MiB, 49140 MiB, 299.30 W
2026/09/25 06:41:36.618, 46 %, 42 %, 46937 MiB, 49140 MiB, 283.83 W
2026/09/25 06:41:36.818, 46 %, 42 %, 46937 MiB, 49140 MiB, 283.83 W
2026/09/25 06:41:37.019, 100 %, 21 %, 46937 MiB, 49140 MiB, 248.80 W
2026/09/25 06:41:37.219, 100 %, 21 %, 46937 MiB, 49140 MiB, 248.80 W
2026/09/25 06:41:37.419, 100 %, 21 %, 46937 MiB, 49140 MiB, 248.80 W
2026/09/25 06:41:37.622, 100 %, 23 %, 46937 MiB, 49140 MiB, 255.41 W
2026/09/25 06:41:37.822, 100 %, 23 %, 46937 MiB, 49140 MiB, 255.41 W
2026/09/25 06:41:38.022, 100 %, 26 %, 46937 MiB, 49140 MiB, 299.69 W
2026/09/25 06:41:38.222, 100 %, 26 %, 46937 MiB, 49140 MiB, 299.69 W
2026/09/25 06:41:38.423, 100 %, 26 %, 46937 MiB, 49140 MiB, 299.69 W
2026/09/25 06:41:38.623, 100 %, 27 %, 46937 MiB, 49140 MiB, 298.61 W
2026/09/25 06:41:38.823, 100 %, 27 %, 46937 MiB, 49140 MiB, 298.61 W
2026/09/25 06:41:39.023, 100 %, 36 %, 46937 MiB, 49140 MiB, 294.98 W
2026/09/25 06:41:39.224, 100 %, 36 %, 46937 MiB, 49140 MiB, 294.98 W
2026/09/25 06:41:39.424, 100 %, 36 %, 46937 MiB, 49140 MiB, 294.98 W
2026/09/25 06:41:39.630, 90 %, 34 %, 46937 MiB, 49140 MiB, 291.93 W
2026/09/25 06:41:39.830, 90 %, 34 %, 46937 MiB, 49140 MiB, 291.93 W
2026/09/25 06:41:40.031, 86 %, 35 %, 46937 MiB, 49140 MiB, 292.30 W
2026/09/25 06:41:40.231, 86 %, 35 %, 46937 MiB, 49140 MiB, 292.30 W
2026/09/25 06:41:40.431, 86 %, 35 %, 46937 MiB, 49140 MiB, 292.30 W
2026/09/25 06:41:40.631, 81 %, 34 %, 46937 MiB, 49140 MiB, 283.98 W
2026/09/25 06:41:40.831, 81 %, 34 %, 46937 MiB, 49140 MiB, 283.98 W
2026/09/25 06:41:41.032, 94 %, 25 %, 46937 MiB, 49140 MiB, 270.06 W
2026/09/25 06:41:41.232, 94 %, 25 %, 46937 MiB, 49140 MiB, 270.06 W
2026/09/25 06:41:41.432, 94 %, 25 %, 46937 MiB, 49140 MiB, 270.06 W
2026/09/25 06:41:41.637, 95 %, 46 %, 46937 MiB, 49140 MiB, 276.86 W
2026/09/25 06:41:41.837, 95 %, 46 %, 46937 MiB, 49140 MiB, 276.86 W
2026/09/25 06:41:42.037, 100 %, 22 %, 46937 MiB, 49140 MiB, 298.64 W
2026/09/25 06:41:42.238, 100 %, 22 %, 46937 MiB, 49140 MiB, 298.64 W
2026/09/25 06:41:42.438, 100 %, 22 %, 46937 MiB, 49140 MiB, 298.64 W
2026/09/25 06:41:42.638, 95 %, 61 %, 46937 MiB, 49140 MiB, 297.17 W
2026/09/25 06:41:42.838, 95 %, 61 %, 46937 MiB, 49140 MiB, 297.17 W
2026/09/25 06:41:43.038, 83 %, 33 %, 46937 MiB, 49140 MiB, 258.22 W
2026/09/25 06:41:43.239, 83 %, 33 %, 46937 MiB, 49140 MiB, 258.22 W
2026/09/25 06:41:43.439, 83 %, 33 %, 46937 MiB, 49140 MiB, 258.22 W
2026/09/25 06:41:43.642, 79 %, 34 %, 46937 MiB, 49140 MiB, 248.31 W
2026/09/25 06:41:43.842, 79 %, 34 %, 46937 MiB, 49140 MiB, 248.31 W
2026/09/25 06:41:44.042, 61 %, 38 %, 46937 MiB, 49140 MiB, 253.68 W
2026/09/25 06:41:44.242, 61 %, 38 %, 46937 MiB, 49140 MiB, 253.68 W
2026/09/25 06:41:44.443, 61 %, 38 %, 46937 MiB, 49140 MiB, 253.68 W
2026/09/25 06:41:44.643, 79 %, 35 %, 46937 MiB, 49140 MiB, 249.62 W
2026/09/25 06:41:44.843, 79 %, 35 %, 46937 MiB, 49140 MiB, 249.62 W
2026/09/25 06:41:45.044, 96 %, 25 %, 46937 MiB, 49140 MiB, 271.63 W
2026/09/25 06:41:45.244, 96 %, 25 %, 46937 MiB, 49140 MiB, 271.63 W
2026/09/25 06:41:45.444, 96 %, 25 %, 46937 MiB, 49140 MiB, 271.63 W
2026/09/25 06:41:45.648, 100 %, 23 %, 46937 MiB, 49140 MiB, 299.46 W
2026/09/25 06:41:45.849, 100 %, 23 %, 46937 MiB, 49140 MiB, 299.46 W
2026/09/25 06:41:46.049, 100 %, 26 %, 46937 MiB, 49140 MiB, 299.33 W
2026/09/25 06:41:46.249, 100 %, 26 %, 46937 MiB, 49140 MiB, 299.33 W
2026/09/25 06:41:46.449, 100 %, 26 %, 46937 MiB, 49140 MiB, 299.33 W
2026/09/25 06:41:46.650, 100 %, 26 %, 46937 MiB, 49140 MiB, 298.94 W
2026/09/25 06:41:46.850, 100 %, 26 %, 46937 MiB, 49140 MiB, 298.94 W
2026/09/25 06:41:47.050, 100 %, 30 %, 46937 MiB, 49140 MiB, 299.47 W
2026/09/25 06:41:47.251, 100 %, 30 %, 46937 MiB, 49140 MiB, 299.47 W
2026/09/25 06:41:47.451, 100 %, 30 %, 46937 MiB, 49140 MiB, 299.47 W
2026/09/25 06:41:47.653, 100 %, 30 %, 46937 MiB, 49140 MiB, 298.29 W
2026/09/25 06:41:47.854, 100 %, 30 %, 46937 MiB, 49140 MiB, 298.29 W
2026/09/25 06:41:48.054, 100 %, 27 %, 46937 MiB, 49140 MiB, 299.33 W
2026/09/25 06:41:48.254, 100 %, 27 %, 46937 MiB, 49140 MiB, 299.33 W
2026/09/25 06:41:48.454, 100 %, 27 %, 46937 MiB, 49140 MiB, 299.33 W
2026/09/25 06:41:48.655, 100 %, 27 %, 46937 MiB, 49140 MiB, 298.72 W
2026/09/25 06:41:48.855, 100 %, 27 %, 46937 MiB, 49140 MiB, 298.72 W
2026/09/25 06:41:49.055, 100 %, 30 %, 46937 MiB, 49140 MiB, 299.27 W
2026/09/25 06:41:49.255, 100 %, 30 %, 46937 MiB, 49140 MiB, 299.27 W
2026/09/25 06:41:49.456, 100 %, 30 %, 46937 MiB, 49140 MiB, 299.27 W
2026/09/25 06:41:49.658, 100 %, 30 %, 46937 MiB, 49140 MiB, 298.86 W
2026/09/25 06:41:49.858, 100 %, 30 %, 46937 MiB, 49140 MiB, 298.86 W
2026/09/25 06:41:50.059, 100 %, 27 %, 46937 MiB, 49140 MiB, 299.32 W
2026/09/25 06:41:50.259, 100 %, 27 %, 46937 MiB, 49140 MiB, 299.32 W
2026/09/25 06:41:50.459, 100 %, 27 %, 46937 MiB, 49140 MiB, 299.32 W
2026/09/25 06:41:50.659, 100 %, 29 %, 46937 MiB, 49140 MiB, 299.03 W
2026/09/25 06:41:50.860, 100 %, 29 %, 46937 MiB, 49140 MiB, 299.03 W
2026/09/25 06:41:51.060, 100 %, 30 %, 46937 MiB, 49140 MiB, 299.15 W
2026/09/25 06:41:51.260, 100 %, 30 %, 46937 MiB, 49140 MiB, 299.15 W
2026/09/25 06:41:51.460, 100 %, 30 %, 46937 MiB, 49140 MiB, 299.15 W
2026/09/25 06:41:51.666, 100 %, 29 %, 46937 MiB, 49140 MiB, 299.08 W
2026/09/25 06:41:51.867, 100 %, 29 %, 46937 MiB, 49140 MiB, 299.08 W
2026/09/25 06:41:52.067, 100 %, 27 %, 46937 MiB, 49140 MiB, 299.17 W
2026/09/25 06:41:52.267, 100 %, 27 %, 46937 MiB, 49140 MiB, 299.17 W
2026/09/25 06:41:52.467, 100 %, 27 %, 46937 MiB, 49140 MiB, 299.17 W
2026/09/25 06:41:52.668, 100 %, 30 %, 46937 MiB, 49140 MiB, 299.08 W
2026/09/25 06:41:52.868, 100 %, 30 %, 46937 MiB, 49140 MiB, 299.08 W
2026/09/25 06:41:53.068, 100 %, 30 %, 46937 MiB, 49140 MiB, 299.21 W
2026/09/25 06:41:53.268, 100 %, 30 %, 46937 MiB, 49140 MiB, 299.21 W
2026/09/25 06:41:53.469, 100 %, 30 %, 46937 MiB, 49140 MiB, 299.21 W
2026/09/25 06:41:53.671, 100 %, 28 %, 46937 MiB, 49140 MiB, 299.27 W
2026/09/25 06:41:53.871, 100 %, 28 %, 46937 MiB, 49140 MiB, 299.27 W
2026/09/25 06:41:54.072, 100 %, 29 %, 46937 MiB, 49140 MiB, 299.22 W
2026/09/25 06:41:54.272, 100 %, 29 %, 46937 MiB, 49140 MiB, 299.22 W
2026/09/25 06:41:54.472, 100 %, 29 %, 46937 MiB, 49140 MiB, 299.22 W
2026/09/25 06:41:54.673, 100 %, 30 %, 46937 MiB, 49140 MiB, 299.26 W
2026/09/25 06:41:54.873, 100 %, 30 %, 46937 MiB, 49140 MiB, 299.26 W
2026/09/25 06:41:55.073, 100 %, 29 %, 46937 MiB, 49140 MiB, 299.18 W
2026/09/25 06:41:55.273, 100 %, 29 %, 46937 MiB, 49140 MiB, 299.18 W
2026/09/25 06:41:55.474, 100 %, 29 %, 46937 MiB, 49140 MiB, 299.18 W
2026/09/25 06:41:55.676, 100 %, 27 %, 46937 MiB, 49140 MiB, 299.10 W
2026/09/25 06:41:55.876, 100 %, 27 %, 46937 MiB, 49140 MiB, 299.10 W
2026/09/25 06:41:56.077, 100 %, 30 %, 46937 MiB, 49140 MiB, 299.17 W
2026/09/25 06:41:56.277, 100 %, 30 %, 46937 MiB, 49140 MiB, 299.17 W
2026/09/25 06:41:56.477, 100 %, 30 %, 46937 MiB, 49140 MiB, 299.17 W
2026/09/25 06:41:56.677, 100 %, 30 %, 46937 MiB, 49140 MiB, 299.23 W
2026/09/25 06:41:56.878, 100 %, 30 %, 46937 MiB, 49140 MiB, 299.23 W
2026/09/25 06:41:57.078, 100 %, 27 %, 46937 MiB, 49140 MiB, 299.20 W
2026/09/25 06:41:57.278, 100 %, 27 %, 46937 MiB, 49140 MiB, 299.20 W
2026/09/25 06:41:57.478, 100 %, 27 %, 46937 MiB, 49140 MiB, 299.20 W
2026/09/25 06:41:57.685, 100 %, 28 %, 46937 MiB, 49140 MiB, 299.10 W
2026/09/25 06:41:57.886, 100 %, 28 %, 46937 MiB, 49140 MiB, 299.10 W
2026/09/25 06:41:58.086, 100 %, 30 %, 46937 MiB, 49140 MiB, 299.27 W
2026/09/25 06:41:58.286, 100 %, 30 %, 46937 MiB, 49140 MiB, 299.27 W
2026/09/25 06:41:58.486, 100 %, 30 %, 46937 MiB, 49140 MiB, 299.27 W
2026/09/25 06:41:58.687, 100 %, 29 %, 46937 MiB, 49140 MiB, 299.25 W
2026/09/25 06:41:58.887, 100 %, 29 %, 46937 MiB, 49140 MiB, 299.25 W
2026/09/25 06:41:59.087, 100 %, 27 %, 46937 MiB, 49140 MiB, 299.31 W
2026/09/25 06:41:59.287, 100 %, 27 %, 46937 MiB, 49140 MiB, 299.31 W
2026/09/25 06:41:59.488, 100 %, 27 %, 46937 MiB, 49140 MiB, 299.31 W
2026/09/25 06:41:59.690, 100 %, 30 %, 46937 MiB, 49140 MiB, 299.15 W
2026/09/25 06:41:59.890, 100 %, 30 %, 46937 MiB, 49140 MiB, 299.15 W
2026/09/25 06:42:00.091, 100 %, 30 %, 46937 MiB, 49140 MiB, 299.31 W
2026/09/25 06:42:00.291, 100 %, 30 %, 46937 MiB, 49140 MiB, 299.31 W
2026/09/25 06:42:00.491, 100 %, 30 %, 46937 MiB, 49140 MiB, 299.07 W
2026/09/25 06:42:00.692, 100 %, 27 %, 46937 MiB, 49140 MiB, 299.07 W
2026/09/25 06:42:00.892, 100 %, 27 %, 46937 MiB, 49140 MiB, 299.07 W
2026/09/25 06:42:01.092, 100 %, 29 %, 46937 MiB, 49140 MiB, 299.12 W
2026/09/25 06:42:01.292, 100 %, 29 %, 46937 MiB, 49140 MiB, 299.12 W
2026/09/25 06:42:01.493, 100 %, 29 %, 46937 MiB, 49140 MiB, 299.25 W
2026/09/25 06:42:01.695, 100 %, 30 %, 46937 MiB, 49140 MiB, 299.25 W
2026/09/25 06:42:01.895, 100 %, 30 %, 46937 MiB, 49140 MiB, 299.25 W
2026/09/25 06:42:02.095, 100 %, 27 %, 46937 MiB, 49140 MiB, 299.39 W
2026/09/25 06:42:02.296, 100 %, 27 %, 46937 MiB, 49140 MiB, 299.39 W
2026/09/25 06:42:02.496, 100 %, 29 %, 46937 MiB, 49140 MiB, 299.12 W
2026/09/25 06:42:02.696, 100 %, 29 %, 46937 MiB, 49140 MiB, 299.12 W
2026/09/25 06:42:02.897, 100 %, 29 %, 46937 MiB, 49140 MiB, 299.12 W
2026/09/25 06:42:03.097, 100 %, 30 %, 46937 MiB, 49140 MiB, 299.27 W
2026/09/25 06:42:03.297, 100 %, 30 %, 46937 MiB, 49140 MiB, 299.27 W
2026/09/25 06:42:03.497, 100 %, 27 %, 46937 MiB, 49140 MiB, 299.19 W
2026/09/25 06:42:03.703, 100 %, 27 %, 46937 MiB, 49140 MiB, 299.19 W
2026/09/25 06:42:03.903, 100 %, 27 %, 46937 MiB, 49140 MiB, 299.19 W
2026/09/25 06:42:04.103, 100 %, 29 %, 46937 MiB, 49140 MiB, 299.24 W
2026/09/25 06:42:04.303, 100 %, 29 %, 46937 MiB, 49140 MiB, 299.24 W
2026/09/25 06:42:04.504, 100 %, 30 %, 46937 MiB, 49140 MiB, 299.40 W
2026/09/25 06:42:04.704, 100 %, 30 %, 46937 MiB, 49140 MiB, 299.40 W
2026/09/25 06:42:04.904, 100 %, 30 %, 46937 MiB, 49140 MiB, 299.40 W
2026/09/25 06:42:05.105, 100 %, 27 %, 46937 MiB, 49140 MiB, 299.29 W
2026/09/25 06:42:05.305, 100 %, 27 %, 46937 MiB, 49140 MiB, 299.29 W
2026/09/25 06:42:05.505, 100 %, 29 %, 46937 MiB, 49140 MiB, 299.12 W
2026/09/25 06:42:05.707, 100 %, 29 %, 46937 MiB, 49140 MiB, 299.12 W
2026/09/25 06:42:05.908, 100 %, 29 %, 46937 MiB, 49140 MiB, 299.12 W
2026/09/25 06:42:06.108, 100 %, 30 %, 46937 MiB, 49140 MiB, 299.29 W
2026/09/25 06:42:06.308, 100 %, 30 %, 46937 MiB, 49140 MiB, 299.29 W
2026/09/25 06:42:06.508, 100 %, 27 %, 46937 MiB, 49140 MiB, 299.24 W
2026/09/25 06:42:06.709, 100 %, 27 %, 46937 MiB, 49140 MiB, 299.24 W
2026/09/25 06:42:06.909, 100 %, 27 %, 46937 MiB, 49140 MiB, 299.24 W
2026/09/25 06:42:07.109, 100 %, 29 %, 46937 MiB, 49140 MiB, 299.15 W
2026/09/25 06:42:07.309, 100 %, 29 %, 46937 MiB, 49140 MiB, 299.15 W
2026/09/25 06:42:07.510, 100 %, 30 %, 46937 MiB, 49140 MiB, 299.45 W
2026/09/25 06:42:07.712, 100 %, 30 %, 46937 MiB, 49140 MiB, 299.45 W
2026/09/25 06:42:07.912, 100 %, 30 %, 46937 MiB, 49140 MiB, 299.45 W
2026/09/25 06:42:08.113, 100 %, 27 %, 46937 MiB, 49140 MiB, 299.23 W
2026/09/25 06:42:08.313, 100 %, 27 %, 46937 MiB, 49140 MiB, 299.23 W
2026/09/25 06:42:08.513, 100 %, 30 %, 46937 MiB, 49140 MiB, 299.23 W
2026/09/25 06:42:08.713, 100 %, 30 %, 46937 MiB, 49140 MiB, 299.23 W
2026/09/25 06:42:08.914, 100 %, 30 %, 46937 MiB, 49140 MiB, 299.23 W
2026/09/25 06:42:09.114, 100 %, 30 %, 46937 MiB, 49140 MiB, 299.48 W
2026/09/25 06:42:09.314, 100 %, 30 %, 46937 MiB, 49140 MiB, 299.48 W
2026/09/25 06:42:09.514, 100 %, 27 %, 46937 MiB, 49140 MiB, 299.19 W
2026/09/25 06:42:09.721, 100 %, 27 %, 46937 MiB, 49140 MiB, 299.19 W
2026/09/25 06:42:09.921, 100 %, 27 %, 46937 MiB, 49140 MiB, 299.19 W
2026/09/25 06:42:10.121, 100 %, 30 %, 46937 MiB, 49140 MiB, 298.99 W
2026/09/25 06:42:10.322, 100 %, 30 %, 46937 MiB, 49140 MiB, 298.99 W
2026/09/25 06:42:10.522, 100 %, 28 %, 46937 MiB, 49140 MiB, 299.28 W
2026/09/25 06:42:10.722, 100 %, 28 %, 46937 MiB, 49140 MiB, 299.28 W
2026/09/25 06:42:10.922, 100 %, 28 %, 46937 MiB, 49140 MiB, 299.28 W
2026/09/25 06:42:11.123, 100 %, 28 %, 46937 MiB, 49140 MiB, 299.14 W
2026/09/25 06:42:11.323, 100 %, 28 %, 46937 MiB, 49140 MiB, 299.14 W
2026/09/25 06:42:11.523, 100 %, 30 %, 46937 MiB, 49140 MiB, 299.30 W
2026/09/25 06:42:11.727, 100 %, 30 %, 46937 MiB, 49140 MiB, 299.30 W
2026/09/25 06:42:11.927, 100 %, 30 %, 46937 MiB, 49140 MiB, 299.30 W
2026/09/25 06:42:12.127, 100 %, 27 %, 46937 MiB, 49140 MiB, 299.11 W
2026/09/25 06:42:12.328, 100 %, 27 %, 46937 MiB, 49140 MiB, 299.11 W
2026/09/25 06:42:12.528, 100 %, 30 %, 46937 MiB, 49140 MiB, 299.14 W
2026/09/25 06:42:12.728, 100 %, 30 %, 46937 MiB, 49140 MiB, 299.14 W
2026/09/25 06:42:12.928, 100 %, 30 %, 46937 MiB, 49140 MiB, 299.14 W
2026/09/25 06:42:13.129, 100 %, 29 %, 46937 MiB, 49140 MiB, 299.56 W
2026/09/25 06:42:13.329, 100 %, 29 %, 46937 MiB, 49140 MiB, 299.56 W
2026/09/25 06:42:13.529, 100 %, 27 %, 46937 MiB, 49140 MiB, 298.92 W
2026/09/25 06:42:13.732, 100 %, 27 %, 46937 MiB, 49140 MiB, 298.92 W
2026/09/25 06:42:13.932, 100 %, 27 %, 46937 MiB, 49140 MiB, 298.92 W
2026/09/25 06:42:14.132, 100 %, 30 %, 46937 MiB, 49140 MiB, 299.16 W
2026/09/25 06:42:14.332, 100 %, 30 %, 46937 MiB, 49140 MiB, 299.16 W
2026/09/25 06:42:14.533, 100 %, 27 %, 46937 MiB, 49140 MiB, 299.18 W
2026/09/25 06:42:14.733, 100 %, 27 %, 46937 MiB, 49140 MiB, 299.18 W
2026/09/25 06:42:14.933, 100 %, 27 %, 46937 MiB, 49140 MiB, 299.18 W
2026/09/25 06:42:15.133, 100 %, 28 %, 46937 MiB, 49140 MiB, 299.33 W
2026/09/25 06:42:15.334, 100 %, 28 %, 46937 MiB, 49140 MiB, 299.33 W
2026/09/25 06:42:15.534, 100 %, 30 %, 46937 MiB, 49140 MiB, 299.53 W
2026/09/25 06:42:15.739, 100 %, 30 %, 46937 MiB, 49140 MiB, 299.53 W
2026/09/25 06:42:15.939, 100 %, 30 %, 46937 MiB, 49140 MiB, 299.53 W
2026/09/25 06:42:16.140, 100 %, 27 %, 46937 MiB, 49140 MiB, 299.10 W
2026/09/25 06:42:16.340, 100 %, 27 %, 46937 MiB, 49140 MiB, 299.10 W
2026/09/25 06:42:16.540, 100 %, 30 %, 46937 MiB, 49140 MiB, 299.32 W
2026/09/25 06:42:16.740, 100 %, 30 %, 46937 MiB, 49140 MiB, 299.32 W
2026/09/25 06:42:16.941, 100 %, 30 %, 46937 MiB, 49140 MiB, 299.32 W
2026/09/25 06:42:17.141, 100 %, 27 %, 46937 MiB, 49140 MiB, 299.35 W
2026/09/25 06:42:17.341, 100 %, 27 %, 46937 MiB, 49140 MiB, 299.35 W
2026/09/25 06:42:17.542, 100 %, 30 %, 46937 MiB, 49140 MiB, 299.32 W
2026/09/25 06:42:17.745, 100 %, 30 %, 46937 MiB, 49140 MiB, 299.32 W
2026/09/25 06:42:17.945, 100 %, 30 %, 46937 MiB, 49140 MiB, 299.32 W
2026/09/25 06:42:18.146, 100 %, 29 %, 46937 MiB, 49140 MiB, 299.46 W
2026/09/25 06:42:18.346, 100 %, 29 %, 46937 MiB, 49140 MiB, 299.46 W
2026/09/25 06:42:18.546, 100 %, 27 %, 46937 MiB, 49140 MiB, 299.36 W
2026/09/25 06:42:18.746, 100 %, 27 %, 46937 MiB, 49140 MiB, 299.36 W
2026/09/25 06:42:18.947, 100 %, 27 %, 46937 MiB, 49140 MiB, 299.36 W
2026/09/25 06:42:19.147, 100 %, 30 %, 46937 MiB, 49140 MiB, 299.28 W
2026/09/25 06:42:19.347, 100 %, 30 %, 46937 MiB, 49140 MiB, 299.28 W
2026/09/25 06:42:19.548, 100 %, 27 %, 46937 MiB, 49140 MiB, 299.64 W
2026/09/25 06:42:19.750, 100 %, 27 %, 46937 MiB, 49140 MiB, 299.64 W
2026/09/25 06:42:19.950, 100 %, 27 %, 46937 MiB, 49140 MiB, 299.64 W
2026/09/25 06:42:20.150, 100 %, 29 %, 46937 MiB, 49140 MiB, 299.33 W
2026/09/25 06:42:20.351, 100 %, 29 %, 46937 MiB, 49140 MiB, 299.33 W
2026/09/25 06:42:20.551, 100 %, 29 %, 46937 MiB, 49140 MiB, 299.61 W
2026/09/25 06:42:20.751, 100 %, 29 %, 46937 MiB, 49140 MiB, 299.61 W
2026/09/25 06:42:20.952, 100 %, 29 %, 46937 MiB, 49140 MiB, 299.61 W
2026/09/25 06:42:21.152, 100 %, 27 %, 46937 MiB, 49140 MiB, 299.27 W
2026/09/25 06:42:21.352, 100 %, 27 %, 46937 MiB, 49140 MiB, 299.27 W
2026/09/25 06:42:21.553, 100 %, 30 %, 46937 MiB, 49140 MiB, 299.51 W
2026/09/25 06:42:21.757, 100 %, 30 %, 46937 MiB, 49140 MiB, 299.51 W
2026/09/25 06:42:21.957, 100 %, 30 %, 46937 MiB, 49140 MiB, 299.51 W
2026/09/25 06:42:22.158, 100 %, 27 %, 46937 MiB, 49140 MiB, 299.35 W
2026/09/25 06:42:22.358, 100 %, 27 %, 46937 MiB, 49140 MiB, 299.35 W
2026/09/25 06:42:22.558, 100 %, 30 %, 46937 MiB, 49140 MiB, 299.31 W
2026/09/25 06:42:22.758, 100 %, 30 %, 46937 MiB, 49140 MiB, 299.31 W
2026/09/25 06:42:22.959, 100 %, 30 %, 46937 MiB, 49140 MiB, 299.31 W
2026/09/25 06:42:23.159, 100 %, 27 %, 46937 MiB, 49140 MiB, 299.39 W
2026/09/25 06:42:23.359, 100 %, 27 %, 46937 MiB, 49140 MiB, 299.39 W
2026/09/25 06:42:23.559, 100 %, 30 %, 46937 MiB, 49140 MiB, 299.22 W
2026/09/25 06:42:23.762, 100 %, 30 %, 46937 MiB, 49140 MiB, 299.22 W
2026/09/25 06:42:23.962, 100 %, 30 %, 46937 MiB, 49140 MiB, 299.22 W
2026/09/25 06:42:24.162, 100 %, 27 %, 46937 MiB, 49140 MiB, 299.49 W
2026/09/25 06:42:24.363, 100 %, 27 %, 46937 MiB, 49140 MiB, 299.49 W
2026/09/25 06:42:24.563, 100 %, 29 %, 46937 MiB, 49140 MiB, 299.31 W
2026/09/25 06:42:24.763, 100 %, 29 %, 46937 MiB, 49140 MiB, 299.31 W
2026/09/25 06:42:24.963, 100 %, 29 %, 46937 MiB, 49140 MiB, 299.31 W
2026/09/25 06:42:25.164, 0 %, 0 %, 46937 MiB, 49140 MiB, 248.58 W
2026/09/25 06:42:25.364, 0 %, 0 %, 46937 MiB, 49140 MiB, 248.58 W
2026/09/25 06:42:25.564, 0 %, 0 %, 46937 MiB, 49140 MiB, 158.39 W
2026/09/25 06:42:25.766, 0 %, 0 %, 46937 MiB, 49140 MiB, 158.39 W
2026/09/25 06:42:25.966, 0 %, 0 %, 46937 MiB, 49140 MiB, 158.39 W
2026/09/25 06:42:26.166, 0 %, 0 %, 46937 MiB, 49140 MiB, 123.00 W
2026/09/25 06:42:26.366, 0 %, 0 %, 46937 MiB, 49140 MiB, 123.00 W
2026/09/25 06:42:26.567, 0 %, 0 %, 46937 MiB, 49140 MiB, 123.00 W
2026/09/25 06:42:26.767, 0 %, 0 %, 46937 MiB, 49140 MiB, 123.00 W
2026/09/25 06:42:26.967, 0 %, 0 %, 46937 MiB, 49140 MiB, 123.00 W
2026/09/25 06:42:27.168, 0 %, 0 %, 46937 MiB, 49140 MiB, 94.95 W
2026/09/25 06:42:27.368, 0 %, 0 %, 46937 MiB, 49140 MiB, 94.95 W
2026/09/25 06:42:27.568, 0 %, 0 %, 46937 MiB, 49140 MiB, 94.95 W
2026/09/25 06:42:27.769, 0 %, 0 %, 46937 MiB, 49140 MiB, 94.95 W
2026/09/25 06:42:27.970, 0 %, 0 %, 46937 MiB, 49140 MiB, 94.95 W
2026/09/25 06:42:28.170, 0 %, 0 %, 46937 MiB, 49140 MiB, 84.82 W
2026/09/25 06:42:28.370, 0 %, 0 %, 46937 MiB, 49140 MiB, 84.82 W
2026/09/25 06:42:28.571, 0 %, 0 %, 46937 MiB, 49140 MiB, 84.82 W
2026/09/25 06:42:28.771, 0 %, 0 %, 46937 MiB, 49140 MiB, 84.82 W
2026/09/25 06:42:28.971, 0 %, 0 %, 46937 MiB, 49140 MiB, 84.82 W
2026/09/25 06:42:29.171, 0 %, 0 %, 46937 MiB, 49140 MiB, 75.17 W
2026/09/25 06:42:29.372, 0 %, 0 %, 46937 MiB, 49140 MiB, 75.17 W
2026/09/25 06:42:29.572, 0 %, 0 %, 46937 MiB, 49140 MiB, 75.17 W
2026/09/25 06:42:29.773, 0 %, 0 %, 46937 MiB, 49140 MiB, 75.17 W
2026/09/25 06:42:29.973, 0 %, 0 %, 46937 MiB, 49140 MiB, 75.17 W
2026/09/25 06:42:30.174, 0 %, 0 %, 46937 MiB, 49140 MiB, 75.09 W
2026/09/25 06:42:30.374, 0 %, 0 %, 46937 MiB, 49140 MiB, 75.09 W
2026/09/25 06:42:30.574, 0 %, 0 %, 46937 MiB, 49140 MiB, 75.09 W
2026/09/25 06:42:30.775, 0 %, 0 %, 46937 MiB, 49140 MiB, 75.09 W
2026/09/25 06:42:30.975, 0 %, 0 %, 46937 MiB, 49140 MiB, 75.09 W
2026/09/25 06:42:31.175, 0 %, 0 %, 46937 MiB, 49140 MiB, 74.98 W
2026/09/25 06:42:31.375, 0 %, 0 %, 46937 MiB, 49140 MiB, 74.98 W
2026/09/25 06:42:31.576, 0 %, 0 %, 46937 MiB, 49140 MiB, 74.98 W
2026/09/25 06:42:31.777, 0 %, 0 %, 46937 MiB, 49140 MiB, 74.98 W
2026/09/25 06:42:31.977, 0 %, 0 %, 46937 MiB, 49140 MiB, 74.98 W
2026/09/25 06:42:32.178, 0 %, 0 %, 46937 MiB, 49140 MiB, 74.86 W
2026/09/25 06:42:32.378, 0 %, 0 %, 46937 MiB, 49140 MiB, 74.86 W
2026/09/25 06:42:32.578, 0 %, 0 %, 46937 MiB, 49140 MiB, 74.86 W
2026/09/25 06:42:32.778, 0 %, 0 %, 46937 MiB, 49140 MiB, 74.86 W
2026/09/25 06:42:32.979, 0 %, 0 %, 46937 MiB, 49140 MiB, 74.86 W
2026/09/25 06:42:33.179, 0 %, 0 %, 46937 MiB, 49140 MiB, 74.78 W
2026/09/25 06:42:33.379, 0 %, 0 %, 46937 MiB, 49140 MiB, 74.78 W
2026/09/25 06:42:33.580, 0 %, 0 %, 46937 MiB, 49140 MiB, 74.78 W
2026/09/25 06:42:33.781, 0 %, 0 %, 46937 MiB, 49140 MiB, 74.78 W
2026/09/25 06:42:33.981, 0 %, 0 %, 46937 MiB, 49140 MiB, 74.78 W
2026/09/25 06:42:34.181, 0 %, 0 %, 46937 MiB, 49140 MiB, 74.72 W
2026/09/25 06:42:34.382, 0 %, 0 %, 46937 MiB, 49140 MiB, 74.72 W
2026/09/25 06:42:34.582, 0 %, 0 %, 46937 MiB, 49140 MiB, 74.72 W
2026/09/25 06:42:34.782, 0 %, 0 %, 46937 MiB, 49140 MiB, 74.72 W
2026/09/25 06:42:34.982, 0 %, 0 %, 46937 MiB, 49140 MiB, 74.72 W
2026/09/25 06:42:35.183, 0 %, 0 %, 46937 MiB, 49140 MiB, 74.67 W
2026/09/25 06:42:35.383, 0 %, 0 %, 46937 MiB, 49140 MiB, 74.67 W
2026/09/25 06:42:35.583, 0 %, 0 %, 46937 MiB, 49140 MiB, 74.67 W
2026/09/25 06:42:35.785, 0 %, 0 %, 46937 MiB, 49140 MiB, 74.67 W
2026/09/25 06:42:35.985, 0 %, 0 %, 46937 MiB, 49140 MiB, 74.67 W
2026/09/25 06:42:36.185, 0 %, 0 %, 46937 MiB, 49140 MiB, 74.62 W
2026/09/25 06:42:36.385, 0 %, 0 %, 46937 MiB, 49140 MiB, 74.62 W
2026/09/25 06:42:36.586, 0 %, 0 %, 46937 MiB, 49140 MiB, 74.62 W
2026/09/25 06:42:36.786, 0 %, 0 %, 46937 MiB, 49140 MiB, 74.62 W
2026/09/25 06:42:36.986, 0 %, 0 %, 46937 MiB, 49140 MiB, 74.62 W
2026/09/25 06:42:37.187, 0 %, 0 %, 46937 MiB, 49140 MiB, 74.51 W
2026/09/25 06:42:37.387, 0 %, 0 %, 46937 MiB, 49140 MiB, 74.51 W
2026/09/25 06:42:37.587, 0 %, 0 %, 46937 MiB, 49140 MiB, 74.51 W
